NO_MUNICIPIO,NO_ENTIDADE,TP_DEPENDENCIA,TP_CATEGORIA_ESCOLA,TP_LOCALIZACAO,DS_ENDERECO,NU_ENDERECO,DS_COMPLEMENTO,NO_BAIRRO,CO_CEP,NU_DDD,NU_TELEFONE,IN_ALIMENTACAO,IN_EJA,IN_ESP
Blumenau,CEI OSVALDO DESCHAMPS,Municipal,Pública,Urbana,RUA DA GLORIA,1419,,GLORIA,89025301,47,33816338,Oferece alimentação escolar,Não possui turmas EJA,Possui educação especial inclusiva
Blumenau,CEI THIAGO ANZINI,Municipal,Pública,Urbana,RUA JOAQUIM MOSER,250,,AGUA VERDE,89042040,47,33816516,Oferece alimentação escolar,Não possui turmas EJA,Possui educação especial inclusiva
Blumenau,CEI ANTONIO JOSE CURTIPASSI,Municipal,Pública,Urbana,RUA ARARANGUA,678,,GARCIA,89020300,47,33816514,Oferece alimentação escolar,Não possui turmas EJA,Possui educação especial inclusiva
Blumenau,CEI PROF MARIA ZIMMERMANN,Municipal,Pública,Urbana,RUA HENRIQUE WATSON,70,,BOA VISTA,89012375,47,33816553,Oferece alimentação escolar,Não possui turmas EJA,Possui educação especial inclusiva
Blumenau,CEI MANOEL DA LUZ RAMPELOTI,Municipal,Pública,Urbana,RUA BENJAMIN CONSTANT,736,CEI,ESCOLA AGRICOLA,89037500,47,33816552,Oferece alimentação escolar,Não possui turmas EJA,Possui educação especial inclusiva
Blumenau,CEI ERICA BRAUN,Municipal,Pública,Urbana,RUA CATHARINA BRAUN,151,PREDIO MUNICIPAL,AGUA VERDE,89037210,47,33816490,Oferece alimentação escolar,Não possui turmas EJA,Possui educação especial inclusiva
Blumenau,CEI ANILDA BATISTA SCHMITT,Municipal,Pública,Urbana,RUA FRANCISCO VAHLDIECK,1076,,FORTALEZA,89056000,47,33816399,Oferece alimentação escolar,Não possui turmas EJA,Possui educação especial inclusiva
Blumenau,CENTRO DE EDUCACAO INFANTIL ELISA HORT,Municipal,Pública,Urbana,RUA PROGRESSO,3915,,PROGRESSO,89027003,47,33816519,Oferece alimentação escolar,Não possui turmas EJA,Possui educação especial inclusiva
Blumenau,CEI HEINRICH REIF,Municipal,Pública,Urbana,RUA HENRIQUE REIF,661,,NOVA ESPERANCA,89051300,47,33816513,Oferece alimentação escolar,Não possui turmas EJA,Possui educação especial inclusiva
Blumenau,CEI MANOELA REINERT,Municipal,Pública,Urbana,RUA HELMUTH SIEVERT,98,,ITOUPAVA NORTE,89053660,47,33816544,Oferece alimentação escolar,Não possui turmas EJA,Possui educação especial inclusiva
Blumenau,CEI JOSE DICKMANN,Municipal,Pública,Urbana,RUA BAHIA,8490,,SALTO WEISSBACH,89032002,47,33816508,Oferece alimentação escolar,Não possui turmas EJA,Possui educação especial inclusiva
Blumenau,CEI PEDRO KRAUSS,Municipal,Pública,Urbana,RUA MARCELINO SCHNEIDER,34,LADO DA IGREJA CATOL,VORSTADT,89015256,47,33816493,Oferece alimentação escolar,Não possui turmas EJA,Possui educação especial inclusiva
Blumenau,CEI PROF ANSELMO ANTONIO HILLESHEIM,Municipal,Pública,Urbana,RUA ARI SANTERRI,60,,SALTO DO NORTE,89065330,47,33817978,Oferece alimentação escolar,Não possui turmas EJA,Possui educação especial inclusiva
Blumenau,CEI HERONDINA HELENA DA SILVA,Municipal,Pública,Urbana,RUA URUGUAIANA,50,,PONTA AGUDA,89050520,47,33816555,Oferece alimentação escolar,Não possui turmas EJA,Possui educação especial inclusiva
Blumenau,CEI WALTER ROSEMANN,Municipal,Pública,Rural,RUA PROFESSOR HERMANN LANGE,2268,,FIDELIS,89060300,47,33816529,Oferece alimentação escolar,Não possui turmas EJA,Possui educação especial inclusiva
Blumenau,CEI EVALINO ROTH,Municipal,Pública,Urbana,RUA AQUIDABA,94,,ESCOLA AGRICOLA,89037740,47,33816496,Oferece alimentação escolar,Não possui turmas EJA,Possui educação especial inclusiva
Blumenau,CEI PROF LEONIDES WESTARB,Municipal,Pública,Urbana,RUA ITAJAI,3434,,VORSTADT,89015201,47,33816494,Oferece alimentação escolar,Não possui turmas EJA,Possui educação especial inclusiva
Blumenau,CEI ANTON MAX ARTUR SPRANGER,Municipal,Pública,Urbana,RUA WALTER WACHOLZ,55,,TESTO SALTO,89074130,47,33816409,Oferece alimentação escolar,Não possui turmas EJA,Possui educação especial inclusiva
Blumenau,CEI OSWALDO BURGER,Municipal,Pública,Urbana,RUA LONDRINA,180,,VELHA,89036610,47,33816407,Oferece alimentação escolar,Não possui turmas EJA,Possui educação especial inclusiva
Blumenau,CEI HILCA PIAZERA SCHNAIDER,Municipal,Pública,Urbana,RUA ARNOLDO RUEDIGER,131,,AGUA VERDE,89037050,47,33816141,Oferece alimentação escolar,Não possui turmas EJA,Possui educação especial inclusiva
Blumenau,CEI OLGA BREHMER,Municipal,Pública,Urbana,RUA JOSE REUTER,128,,VELHA CENTRAL,89046000,47,33817976,Oferece alimentação escolar,Não possui turmas EJA,Possui educação especial inclusiva
Blumenau,CEI BRANDINA BUERGER,Municipal,Pública,Urbana,RUA PAULO EBERHARD,346,,VALPARAISO,89023060,47,33816523,Oferece alimentação escolar,Não possui turmas EJA,Possui educação especial inclusiva
Blumenau,CEI DR WILSON GOMES SANTIAGO,Municipal,Pública,Urbana,RUA JOINVILLE,622,,VILA NOVA,89035200,47,33816416,Oferece alimentação escolar,Não possui turmas EJA,Possui educação especial inclusiva
Blumenau,PRINCESA ISABEL EDUCACAO INFANTIL UNIDADE ITOUPAVA SECA,Privada,Particular,Urbana,RUA CORONEL FEDDERSEN,106,FUNDOS,ITOUPAVA SECA,89030400,,,Não oferece alimentação escolar,Não possui turmas EJA,Possui educação especial inclusiva
Blumenau,PRINCESA ISABEL EDUCACAO INFANTIL UNIDADE ESCOLA AGRICOLA,Privada,Particular,Urbana,RUA BENJAMIN CONSTANT,780,,ESCOLA AGRICOLA,89037502,,,Não oferece alimentação escolar,Não possui turmas EJA,Não possui educação especial inclusiva
Blumenau,EBM ALMIRANTE TAMANDARE,Municipal,Pública,Urbana,RUA SANTA FE,66,,PONTA AGUDA,89050540,47,33816152,Oferece alimentação escolar,Não possui turmas EJA,Possui educação especial inclusiva
Blumenau,EEB CARLOS TECHENTIN,Estadual,Pública,Urbana,RUA BAHIA,8222,PROXIMO A MARP,PASSO MANSO,89032525,47,33788670,Oferece alimentação escolar,Não possui turmas EJA,Possui educação especial inclusiva
Blumenau,EBM LEOBERTO LEAL,Municipal,Pública,Urbana,RUA JOHANN SACHSE,2602,,BADENFURT,89070400,47,33816169,Oferece alimentação escolar,Não possui turmas EJA,Possui educação especial inclusiva
Blumenau,EBM MACHADO DE ASSIS,Municipal,Pública,Urbana,RUA ENGENHEIRO PAUL WERNER,1334,,ITOUPAVA SECA,89030101,47,33816290,Oferece alimentação escolar,Não possui turmas EJA,Possui educação especial inclusiva
Blumenau,EBM PEDRO I,Municipal,Pública,Urbana,RUA DOUTOR PEDRO ZIMMERMANN,2461,,ITOUPAVAZINHA,89066000,47,33816242,Oferece alimentação escolar,Não possui turmas EJA,Possui educação especial inclusiva
Blumenau,EBM PROF OSCAR UNBEHAUN,Municipal,Pública,Urbana,RUA GAROPABA,213,ESCOLA,AGUA VERDE,89042110,47,33816362,Oferece alimentação escolar,Não possui turmas EJA,Possui educação especial inclusiva
Blumenau,EBM QUINTINO BOCAIUVA,Municipal,Pública,Urbana,RUA WALTER WACHOLZ,157,,TESTO SALTO,89074130,47,33816213,Oferece alimentação escolar,Não possui turmas EJA,Possui educação especial inclusiva
Blumenau,EBM BILINGUE PROF NORMA DIGNART HUBER,Municipal,Pública,Urbana,RUA AQUIDABA,77,,ESCOLA AGRICOLA,89037740,47,33816532,Oferece alimentação escolar,Não possui turmas EJA,Possui educação especial inclusiva
Blumenau,EBMB PROF RODOLFO HOLLENWEGER,Municipal,Pública,Urbana,RUA PROFESSOR HERMANN LANGE,2230,,FIDELIS,89060300,47,33816358,Oferece alimentação escolar,Não possui turmas EJA,Possui educação especial inclusiva
Blumenau,EBM VISCONDE DE TAUNAY,Municipal,Pública,Urbana,RUA FRANZ VOLLES,1930,,ITOUPAVA CENTRAL,89066100,47,33816118,Oferece alimentação escolar,Não possui turmas EJA,Possui educação especial inclusiva
Blumenau,EBMB PROF NEMESIA MARGARIDA,Municipal,Pública,Urbana,RUA OSCAR JOAO RAUSCH,100,,BADENFURT,89072080,47,33816187,Oferece alimentação escolar,Não possui turmas EJA,Possui educação especial inclusiva
Blumenau,EEB GOV CELSO RAMOS,Estadual,Pública,Urbana,GLORIA,888,,GLORIA,89025300,47,33788228,Oferece alimentação escolar,Não possui turmas EJA,Possui educação especial inclusiva
Blumenau,ESC BARAO DO RIO BRANCO,Privada,Confessional,Urbana,RUA NEREU RAMOS,220,,JARDIM BLUMENAU,89010401,47,33226133,Não oferece alimentação escolar,Não possui turmas EJA,Possui educação especial inclusiva
Blumenau,EBM PROF ZULMA SOUZA DA SILVA,Municipal,Pública,Urbana,RUA FLORANIA,464,,VELHA CENTRAL,89040190,47,33816241,Oferece alimentação escolar,Não possui turmas EJA,Possui educação especial inclusiva
Blumenau,EBM GAL LUCIO ESTEVES,Municipal,Pública,Urbana,RUA BENJAMIN CONSTANT,630,,ESCOLA AGRICOLA,89037500,47,33817444,Oferece alimentação escolar,Não possui turmas EJA,Possui educação especial inclusiva
Blumenau,EBM PROF ALICE THIELE,Municipal,Pública,Urbana,RUA JOAO SCHETZ,273,RUA SEM SAIDA,GARCIA,89020521,47,33816875,Oferece alimentação escolar,Não possui turmas EJA,Possui educação especial inclusiva
Blumenau,EBM ALBERTO STEIN,Municipal,Pública,Urbana,RUA GENERAL OSORIO,1785,,VELHA,89041003,47,33816353,Oferece alimentação escolar,Não possui turmas EJA,Possui educação especial inclusiva
Blumenau,EBM ANITA GARIBALDI,Municipal,Pública,Urbana,RUA DOUTOR PEDRO ZIMMERMANN,5900,,ITOUPAVA CENTRAL,89068002,47,33817404,Oferece alimentação escolar,Não possui turmas EJA,Possui educação especial inclusiva
Blumenau,EBM FRANCISCO LANSER,Municipal,Pública,Urbana,RUA ALFREDO LANSER,133,,TRIBESS,89057620,47,33816340,Oferece alimentação escolar,Não possui turmas EJA,Possui educação especial inclusiva
Blumenau,EEB HERCILIO DEEKE,Estadual,Pública,Urbana,JOSE REUTER,581,,VELHA CENTRAL,89046000,47,33788390,Oferece alimentação escolar,Não possui turmas EJA,Possui educação especial inclusiva
Blumenau,EBM LAURO MULLER,Municipal,Pública,Urbana,RUA HEINRICH HEMMER,2876,,BADENFURT,89070000,47,33816900,Oferece alimentação escolar,Não possui turmas EJA,Possui educação especial inclusiva
Blumenau,EBM PEDRO II,Municipal,Pública,Urbana,RUA HELMUTH GOLL,579,,PROGRESSO,89027410,47,33365628,Oferece alimentação escolar,Não possui turmas EJA,Possui educação especial inclusiva
Blumenau,EBM BILINGUE PROFESSOR FERNANDO OSTERMANN,Municipal,Pública,Urbana,RUA OTTO STUTZER,43,,BOA VISTA,89012370,47,33816244,Oferece alimentação escolar,Não possui turmas EJA,Possui educação especial inclusiva
Blumenau,EBM PROF ADELAIDE STARKE,Municipal,Pública,Urbana,RUA SAO BERNARDO,700,,ITOUPAVA NORTE,89052100,47,33817109,Oferece alimentação escolar,Possui turmas EJA,Possui educação especial inclusiva
Blumenau,EEB SANTOS DUMONT,Estadual,Pública,Urbana,RUA AMAZONAS,2771,ESCOLA,GARCIA,89021001,47,33788686,Oferece alimentação escolar,Não possui turmas EJA,Possui educação especial inclusiva
Blumenau,EBM VIDAL RAMOS,Municipal,Pública,Urbana,RUA ANTONIO TREIS,140,,VORSTADT,89015400,47,33816594,Oferece alimentação escolar,Não possui turmas EJA,Possui educação especial inclusiva
Blumenau,EBM BILINGUE GUSTAVO RICHARD,Municipal,Pública,Urbana,RUA HENRIQUE REIF,477,,NOVA ESPERANCA,89051300,47,33816286,Oferece alimentação escolar,Não possui turmas EJA,Possui educação especial inclusiva
Blumenau,EBM TIRADENTES E PROF JULIA STRZALKOWSKA,Municipal,Pública,Urbana,RUA CARL HEINZ BUECHLER,171,,GARCIA,89021120,47,33817258,Oferece alimentação escolar,Não possui turmas EJA,Possui educação especial inclusiva
Blumenau,EBM CONSELHEIRO MAFRA,Municipal,Pública,Urbana,RUA FRANZ MUELLER,2113,,VELHA GRANDE,89045500,47,33816545,Oferece alimentação escolar,Não possui turmas EJA,Possui educação especial inclusiva
Blumenau,EBM BILINGUE PASTOR FAULHABER,Municipal,Pública,Urbana,RUA ALWIN SCHRADER,966,,RIBEIRAO FRESCO,89015125,47,33816129,Oferece alimentação escolar,Não possui turmas EJA,Possui educação especial inclusiva
Blumenau,EBM PROF HELENA MARTHA NATALIA WINCKLER,Municipal,Pública,Urbana,RUA JOAO BISEWSKI,100,,VELHA,89036810,47,33816554,Oferece alimentação escolar,Não possui turmas EJA,Possui educação especial inclusiva
Blumenau,CENTRO DE ED AMIGUINHO FELIZ,Privada,Filantrópica,Urbana,RUA BENJAMIN CONSTANT,1552,,ESCOLA AGRICOLA,89037500,47,33271426,Oferece alimentação escolar,Não possui turmas EJA,Possui educação especial inclusiva
Blumenau,CEDUP HERMANN HERING,Estadual,Pública,Urbana,RUA BENJAMIN CONSTANT,857,,ESCOLA AGRICOLA,89037501,47,33788610,Oferece alimentação escolar,Não possui turmas EJA,Possui educação especial inclusiva
Blumenau,EEB ADOLPHO KONDER,Estadual,Pública,Urbana,RUA UBERABA,99,,VELHA,89036460,47,33788497,Oferece alimentação escolar,Não possui turmas EJA,Possui educação especial inclusiva
Blumenau,EEB PROF LOTHAR KRIECK,Estadual,Pública,Urbana,R GUSTAVO POEPPER,40,,AGUA VERDE,89037330,47,33788671,Oferece alimentação escolar,Não possui turmas EJA,Possui educação especial inclusiva
Blumenau,EEB VICTOR HERING,Estadual,Pública,Urbana,RUA ANTONIO CANDIDO DE FIGUEIREDO,399,,VILA NOVA,89035310,47,33788496,Oferece alimentação escolar,Não possui turmas EJA,Possui educação especial inclusiva
Blumenau,OSC SAO ROQUE CENTRO DE EDUCACAO INFANTO JUVENIL I SAO JOAO,Privada,Filantrópica,Urbana,RUA SAO JOAO,700,,ITOUPAVA NORTE,89052300,47,33247900,Oferece alimentação escolar,Não possui turmas EJA,Não possui educação especial inclusiva
Blumenau,CEI NAZARE,Municipal,Pública,Urbana,RUA DOUTOR PEDRO ZIMMERMANN,10139,,ITOUPAVA CENTRAL,89069001,47,33816491,Oferece alimentação escolar,Não possui turmas EJA,Possui educação especial inclusiva
Blumenau,ASSOCIACAO ASSISTENCIAL LAR BETANIA,Privada,Filantrópica,Urbana,RUA KONRAD ADENAUER,90,,PONTA AGUDA,89050630,47,33222207,Oferece alimentação escolar,Não possui turmas EJA,Não possui educação especial inclusiva
Blumenau,EEB HERMANN HAMANN,Estadual,Pública,Urbana,AUGUST REINHOLD,350,,NOVA ESPERANCA,89051660,47,33788389,Oferece alimentação escolar,Não possui turmas EJA,Possui educação especial inclusiva
Blumenau,EM ALWINO DOROW,Municipal,Pública,Urbana,RUA THEODORO PASOLD,73,,FORTALEZA ALTA,89060078,47,33816390,Oferece alimentação escolar,Não possui turmas EJA,Possui educação especial inclusiva
Blumenau,EEB PROF JOAO WIDEMANN,Estadual,Pública,Urbana,QUATRO DE FEVEREIRO,64,ESCOLA,ITOUPAVA NORTE,89052500,47,33788679,Oferece alimentação escolar,Não possui turmas EJA,Possui educação especial inclusiva
Blumenau,EEB EMILIO BAUMGART,Estadual,Pública,Urbana,RUA DR PEDRO ZIMMERMANN,9611,,ITOUPAVA CENTRAL,89069001,47,33788366,Oferece alimentação escolar,Não possui turmas EJA,Possui educação especial inclusiva
Blumenau,COLEGIO BOM JESUS SANTO ANTONIO,Privada,Particular,Urbana,RUA SANTO ANTONIO,SN,,CENTRO,89010110,47,21023500,Não oferece alimentação escolar,Não possui turmas EJA,Possui educação especial inclusiva
Blumenau,COLEGIO SAGRADA FAMILIA,Privada,Filantrópica,Urbana,RUA SETE DE SETEMBRO,915,,CENTRO,89010203,47,33260232,Não oferece alimentação escolar,Não possui turmas EJA,Possui educação especial inclusiva
Blumenau,EEB PEDRO II,Estadual,Pública,Urbana,ALAMEDA RIO BRANCO,590,,JARDIM BLUMENAU,89010300,47,33788704,Oferece alimentação escolar,Não possui turmas EJA,Possui educação especial inclusiva
Blumenau,EEB LUIZ DELFINO,Estadual,Pública,Urbana,RUA SAO JOSE,222,,CENTRO,89010220,47,33788375,Oferece alimentação escolar,Não possui turmas EJA,Possui educação especial inclusiva
Blumenau,EEB PROF AUREA PERPETUA GOMES,Estadual,Pública,Urbana,R MARECHAL RONDON,270,ESCOLA,SALTO DO NORTE,89065200,47,33788370,Oferece alimentação escolar,Não possui turmas EJA,Possui educação especial inclusiva
Blumenau,EEB PROF HERIBERTO JOSEPH MULLER,Estadual,Pública,Urbana,RUA GUTTENBERG,80,ESCOLA,FORTALEZA,89056050,47,33788684,Oferece alimentação escolar,Não possui turmas EJA,Possui educação especial inclusiva
Blumenau,COLEGIO ADVENTISTA DE BLUMENAU,Privada,Filantrópica,Urbana,RUA SAO PAULO,2325,,VICTOR KONDER,89030001,47,33806250,Não oferece alimentação escolar,Não possui turmas EJA,Possui educação especial inclusiva
Blumenau,COLEGIO VISAO BLUMENAU,Privada,Particular,Urbana,RUA ALEXANDER FLEMMING,100,,BOM RETIRO,89010670,47,32325450,Oferece alimentação escolar,Não possui turmas EJA,Possui educação especial inclusiva
Blumenau,EEB DR MAX TAVARES D AMARAL,Estadual,Pública,Urbana,RUA VEREADOR ROMARIO DA CONCEICAO BADIA,365,PREDIO ESCOLAR,ITOUPAVA NORTE,89053599,47,33788384,Oferece alimentação escolar,Não possui turmas EJA,Possui educação especial inclusiva
Blumenau,EEB JULIA LOPES DE ALMEIDA,Estadual,Pública,Urbana,"R VENEZUELA,",127,,PONTA AGUDA,89050310,47,33788381,Oferece alimentação escolar,Não possui turmas EJA,Possui educação especial inclusiva
Blumenau,EEB CHRISTOPH AUGENSTEIN,Estadual,Pública,Urbana,R ARTHUR LINDNER,46,,SALTO WEISSBACH,89032180,47,33788385,Oferece alimentação escolar,Não possui turmas EJA,Possui educação especial inclusiva
Blumenau,ESCOLA TECNICA DO VALE DO ITAJAI,Municipal,Pública,Urbana,RUA ANTONIO DA VEIGA,140,BLOCOS G/F/D/E/U/V/W,ITOUPAVA SECA,89030903,47,33210335,Não oferece alimentação escolar,Não possui turmas EJA,Possui educação especial inclusiva
Blumenau,NUCLEO DE ESTUDO SISTEMICOS,Privada,Particular,Urbana,RUA 25 DE AGOSTO,66,PRIMEIRO ANDAR,ITOUPAVA NORTE,89053300,47,33373918,Não oferece alimentação escolar,Possui turmas EJA,Não possui educação especial inclusiva
Blumenau,CEI IRMA MARIA CHRISTA PRULLAGE,Municipal,Pública,Urbana,RUA FRITZ BRUCH,520,,ITOUPAVAZINHA,89066390,47,33816543,Oferece alimentação escolar,Não possui turmas EJA,Possui educação especial inclusiva
Blumenau,CEI PROF ELZIRA HORNBURG,Municipal,Pública,Urbana,RUA JOHANN G. H. HADLICH,1725,,PASSO MANSO,89032400,47,33816534,Oferece alimentação escolar,Não possui turmas EJA,Possui educação especial inclusiva
Blumenau,CEI IRMGARD ZOSCHKE,Municipal,Pública,Urbana,RUA ERICH BELZ,161,PREDIO,ITOUPAVA CENTRAL,89068060,47,33816539,Oferece alimentação escolar,Não possui turmas EJA,Possui educação especial inclusiva
Blumenau,CEI FREI ODORICO DURIEUX,Municipal,Pública,Urbana,RUA PROFESSOR JACOB INEICHEN,23,,ITOUPAVAZINHA,89066600,47,33816408,Oferece alimentação escolar,Não possui turmas EJA,Possui educação especial inclusiva
Blumenau,IFC - CAMPUS BLUMENAU,Federal,Pública,Urbana,RUA BERNARDINO JOSE DE OLIVEIRA,81,,BADENFURT,89070270,47,37021700,Oferece alimentação escolar,Possui turmas EJA,Possui educação especial inclusiva
Blumenau,EEB BRUNO HOELTGEBAUM,Estadual,Pública,Urbana,RUA PAULA HOELTGEBAUM,131,,FORTALEZA,89057160,47,33788672,Oferece alimentação escolar,Não possui turmas EJA,Possui educação especial inclusiva
Blumenau,EEB JOAO DURVAL MULLER,Estadual,Pública,Urbana,RUA CARL KAUN,60,,VELHA CENTRAL,89046625,47,33788703,Oferece alimentação escolar,Não possui turmas EJA,Possui educação especial inclusiva
Blumenau,EEB JONAS R COELHO NEVES,Estadual,Pública,Urbana,RUA DENIS DIDEROT,125,,FIDELIS,89060285,47,33788682,Oferece alimentação escolar,Não possui turmas EJA,Possui educação especial inclusiva
Blumenau,EEF JOSE VIEIRA CORTE,Estadual,Pública,Urbana,RUA UDO SCHADRACK,41,,PROGRESSO,89027405,47,33788379,Oferece alimentação escolar,Não possui turmas EJA,Possui educação especial inclusiva
Blumenau,EEM PROF WIGAND GELHARDT,Estadual,Pública,Urbana,HEINRICH HEMMER,2876,,BADENFURT,89070000,47,33788681,Oferece alimentação escolar,Não possui turmas EJA,Possui educação especial inclusiva
Blumenau,CEI ALWIN KNAESEL,Municipal,Pública,Urbana,RUA GODO DEEKE,160,,ITOUPAVA CENTRAL,89068254,47,33816472,Oferece alimentação escolar,Não possui turmas EJA,Possui educação especial inclusiva
Blumenau,EBM BILINGUE ANNEMARIE TECHENTIN,Municipal,Pública,Urbana,RUA JOSEPHINA RAUSCH REITER,158,,PASSO MANSO,89032425,47,33816173,Oferece alimentação escolar,Não possui turmas EJA,Possui educação especial inclusiva
Blumenau,EEM PROF ELZA HENRIQUETA T PACHECO,Estadual,Pública,Urbana,RUA ANTONIO CANDIDO DE FIGUEIREDO,399,,VILA NOVA,89035310,47,33788503,Oferece alimentação escolar,Não possui turmas EJA,Possui educação especial inclusiva
Blumenau,ASSOC EDUC E ASSISTENCIAL SHALOM,Privada,Filantrópica,Urbana,RUA PREFEITO FREDERICO BUSCH JUNIOR,455,,GARCIA,89020400,47,33223040,Não oferece alimentação escolar,Não possui turmas EJA,Possui educação especial inclusiva
Blumenau,EBM PAULINA WAGNER,Municipal,Pública,Urbana,RUA ANNA FELISBINO,125,,BADENFURT,89070605,47,33816402,Oferece alimentação escolar,Não possui turmas EJA,Possui educação especial inclusiva
Blumenau,CEI ALBERTO STEIN,Municipal,Pública,Urbana,RUA MARIA BUGMANN,88,,VELHA,89041380,47,33817977,Oferece alimentação escolar,Não possui turmas EJA,Possui educação especial inclusiva
Blumenau,ESPACO DE EDUCACAO INFANTIL CONTOS E CORES,Privada,Particular,Urbana,RUA DETLEF PASSIG,118,,VELHA,89036450,47,32884222,Não oferece alimentação escolar,Não possui turmas EJA,Possui educação especial inclusiva
Blumenau,CEI HERCILIA KRUG,Municipal,Pública,Urbana,RUA RUI BARBOSA,1440,,PROGRESSO,89026600,47,33816518,Oferece alimentação escolar,Não possui turmas EJA,Possui educação especial inclusiva
Blumenau,CEI MARIA SALETE STRAUCH,Municipal,Pública,Urbana,RUA WALDIR MEDEIROS,213,,AGUA VERDE,89042340,47,33816535,Oferece alimentação escolar,Não possui turmas EJA,Possui educação especial inclusiva
Blumenau,CEI MAIKE ANDRESEN DEEKE,Municipal,Pública,Urbana,RUA ELKE HANSEN,107,,BADENFURT,89070160,47,33816511,Oferece alimentação escolar,Não possui turmas EJA,Possui educação especial inclusiva
Blumenau,CEI FRANZ VOLLES,Municipal,Pública,Urbana,RUA LEONCIO JOAO DESCHAMPS,163,,ITOUPAVA CENTRAL,89066180,47,33816492,Oferece alimentação escolar,Não possui turmas EJA,Possui educação especial inclusiva
Blumenau,CEI EMMA TRIBESS,Municipal,Pública,Urbana,RUA HERMANN TRIBESS,1975,,TRIBESS,89057473,47,33816398,Oferece alimentação escolar,Não possui turmas EJA,Possui educação especial inclusiva
Blumenau,CEI CILLY JENSEN,Municipal,Pública,Urbana,RUA DOUTOR PEDRO ZIMMERMANN,9234,PREDIO,ITOUPAVA CENTRAL,89069001,47,33816507,Oferece alimentação escolar,Não possui turmas EJA,Possui educação especial inclusiva
Blumenau,CEI AUGUSTO KOESTER,Municipal,Pública,Urbana,RUA ALMIRANTE BARROSO,823,,VILA NOVA,89035300,47,999670399,Oferece alimentação escolar,Não possui turmas EJA,Possui educação especial inclusiva
Blumenau,ESCOLA INF ESPACO SER CRIANCA,Privada,Particular,Urbana,RUA BUENOS AIRES,223,,PONTA AGUDA,89051050,47,32092535,Não oferece alimentação escolar,Não possui turmas EJA,Não possui educação especial inclusiva
Blumenau,CEI PROF MARTINHA REGIS MORETTO,Municipal,Pública,Urbana,RUA ENGENHEIRO ODEBRECHT,961,,GARCIA,89021200,47,33817974,Oferece alimentação escolar,Não possui turmas EJA,Possui educação especial inclusiva
Blumenau,CEI BERTHA MULLER,Municipal,Pública,Urbana,RUA MARIA LARSEN,22,,SALTO DO NORTE,89065170,47,33816504,Oferece alimentação escolar,Não possui turmas EJA,Possui educação especial inclusiva
Blumenau,CEI MONTEIRO LOBATO,Municipal,Pública,Urbana,RUA JOSE REUTER,2590,,VELHA CENTRAL,89046001,47,33817090,Oferece alimentação escolar,Não possui turmas EJA,Possui educação especial inclusiva
Blumenau,ESCOLA BILINGUE MUNICIPAL PROF HELLA ALTENBURG,Municipal,Pública,Urbana,RUA PLATANO,233,,DO SALTO,89031630,47,33816528,Oferece alimentação escolar,Não possui turmas EJA,Possui educação especial inclusiva
Blumenau,CEI DANIEL BRESSANINI,Municipal,Pública,Urbana,RUA NESIO ANTUNES DA SILVA,111,,FORTALEZA,89051615,47,33816525,Oferece alimentação escolar,Não possui turmas EJA,Possui educação especial inclusiva
Blumenau,ESC ESPECIAL PROF ESTELLA M CAROPRESO,Privada,Filantrópica,Urbana,RUA CASIMIRO DE ABREU,216,,VILA NOVA,89035600,47,33230000,Oferece alimentação escolar,Não informou se possui turmas EJA,Não informou se possui educação especial inclusiva
Blumenau,CEI DR ARAO REBELLO,Municipal,Pública,Urbana,RUA FRANZ MUELLER,S/N,,VELHA GRANDE,89045500,47,33816801,Oferece alimentação escolar,Não possui turmas EJA,Possui educação especial inclusiva
Blumenau,CEI ROBERT RUDOLPH BARTH,Municipal,Pública,Urbana,RUA CARLOS DUWE,294,,ITOUPAVAZINHA,89066367,47,33816541,Oferece alimentação escolar,Não possui turmas EJA,Possui educação especial inclusiva
Blumenau,CEI MAX SCHEIDEMANTEL,Municipal,Pública,Urbana,RUA SOLDADO MARIO LUIZ BERTOLINI,142,,ITOUPAVA NORTE,89053180,47,33816526,Oferece alimentação escolar,Não possui turmas EJA,Possui educação especial inclusiva
Blumenau,ALFA REDE DE ENSINO,Privada,Particular,Urbana,RUA FLORNIA,223,,VELHA,89040190,47,30385800,Não oferece alimentação escolar,Não possui turmas EJA,Possui educação especial inclusiva
Blumenau,CEI PROF TEREZA A E AUGSBURGER,Municipal,Pública,Urbana,RUA SERGIO VESTRUPP,113,,ITOUPAVAZINHA,89070531,47,33816397,Oferece alimentação escolar,Não possui turmas EJA,Possui educação especial inclusiva
Blumenau,CEI PAULO ZIMMERMANN,Municipal,Pública,Urbana,RUA ANDRE DAVI MEES SIMAO,240,,FIDELIS,89060270,47,33816506,Oferece alimentação escolar,Não possui turmas EJA,Possui educação especial inclusiva
Blumenau,EBMB PROF JOAO JOAQUIM FRONZA,Municipal,Pública,Urbana,RUA PHILIPP BAULER,1391,,TESTO SALTO,89074300,47,33816216,Oferece alimentação escolar,Não possui turmas EJA,Possui educação especial inclusiva
Blumenau,EBM WILHELM THEODOR SCHURMANN,Municipal,Pública,Urbana,RUA PEROLA DO VALE,377,,ITOUPAVA CENTRAL,89062212,47,33816505,Oferece alimentação escolar,Não possui turmas EJA,Possui educação especial inclusiva
Blumenau,CEJA DE BLUMENAU,Estadual,Pública,Urbana,RUA ENGENHEIRO PAUL WERNER,608,CASA,ITOUPAVA SECA,89030100,47,33788687,Oferece alimentação escolar,Possui turmas EJA,Possui educação especial inclusiva
Blumenau,CEI WILHELM THEODOR SCHURMANN,Municipal,Pública,Urbana,RUA PEROLA DO VALE,377,,ITOUPAVA CENTRAL,89062212,47,33816910,Oferece alimentação escolar,Não possui turmas EJA,Possui educação especial inclusiva
Blumenau,EBM PATRICIA HELENA FINARDI PEGORIM,Municipal,Pública,Urbana,RUA LUIZ KRUTZSCH,474,EBM PATRICIA HELENA,FORTALEZA ALTA,89060069,47,33816556,Oferece alimentação escolar,Não possui turmas EJA,Possui educação especial inclusiva
Blumenau,CENTRO MUN DE EDUCACAO ALTERNATIVA,Municipal,Pública,Urbana,RUA HUMBERTO DE CAMPOS,299,,VELHA,89036050,47,33816714,Oferece alimentação escolar,Não informou se possui turmas EJA,Não informou se possui educação especial inclusiva
Blumenau,COLEGIO ENERGIA,Privada,Particular,Urbana,RUA CAPITAO EUCLIDES DE CASTRO,142,,CENTRO,89010070,47,33220033,Não oferece alimentação escolar,Não possui turmas EJA,Possui educação especial inclusiva
Blumenau,CEI PROF ADELIO CARLINI,Municipal,Pública,Urbana,RUA SILVIO ELIAS COELHO,10,,VELHA GRANDE,89045547,47,33816524,Oferece alimentação escolar,Não possui turmas EJA,Possui educação especial inclusiva
Blumenau,CEI INGO WOLFGANG HERING,Municipal,Pública,Urbana,RUA BARBACENA,89,PREDIO,GARCIA,89020610,47,33816473,Oferece alimentação escolar,Não possui turmas EJA,Possui educação especial inclusiva
Blumenau,CEI MARITA DEEKE SASSE,Municipal,Pública,Urbana,RUA MARIA BALBINA ZIMMERMANN,56,,ESCOLA AGRICOLA,89031555,47,33816468,Oferece alimentação escolar,Não possui turmas EJA,Possui educação especial inclusiva
Blumenau,EBM PROF FRIEDRICH KARL KEMMELMEIER,Municipal,Pública,Urbana,RUA RICARDO GEORG,1897,,ITOUPAVA CENTRAL,89069100,47,33816382,Oferece alimentação escolar,Não possui turmas EJA,Possui educação especial inclusiva
Blumenau,CEI PROF LENYR PEITER STARKE,Municipal,Pública,Urbana,RUA ACACIO BERNARDES,74,,ITOUPAVA CENTRAL,89068165,47,33816395,Oferece alimentação escolar,Não possui turmas EJA,Possui educação especial inclusiva
Blumenau,EBM OLGA RUTZEN,Municipal,Pública,Urbana,RUA FREDERICO JENSEN,1039,,ITOUPAVAZINHA,89066300,47,33816406,Oferece alimentação escolar,Não possui turmas EJA,Possui educação especial inclusiva
Blumenau,INSTITUTO MAGICO DA APRENDIZAGEM LTDA,Privada,Particular,Urbana,RUA AMAZONAS,2055,FUNDOS,GARCIA,89021001,47,32223681,Não oferece alimentação escolar,Não possui turmas EJA,Não possui educação especial inclusiva
Blumenau,ESCOLA INFANTIL HAPPY KIDS LTDA,Privada,Particular,Urbana,RUA EMILIO NINOW,67,PREDIO,ESCOLA AGRICOLA,89031240,47,33270472,Não oferece alimentação escolar,Não possui turmas EJA,Não possui educação especial inclusiva
Blumenau,SENAI SC - BLUMENAU,Privada,Particular,Urbana,RUA SAO PAULO,1147,,ITOUPAVA SECA,89030001,47,33219600,Não oferece alimentação escolar,Não possui turmas EJA,Possui educação especial inclusiva
Blumenau,CEI PROFESSORA TERESA RAQUEL SABEL DE ARAUJO,Municipal,Pública,Urbana,RUA PASTOR OSWALD HESSE,1090,PREDIO ESCOLAR,RIBEIRAO FRESCO,89015100,47,33816415,Oferece alimentação escolar,Não possui turmas EJA,Possui educação especial inclusiva
Blumenau,CEI FREI SILVERIO WEBER,Municipal,Pública,Urbana,RUA ANHAMBI,33,,ITOUPAVAZINHA,89074540,47,33816414,Oferece alimentação escolar,Não possui turmas EJA,Possui educação especial inclusiva
Blumenau,EBM LORE SITA BOLLMANN,Municipal,Pública,Urbana,RUA WALTER KNAESEL,400,FINAL DA RUA,ITOUPAVA CENTRAL,89063060,47,33816179,Oferece alimentação escolar,Não possui turmas EJA,Possui educação especial inclusiva
Blumenau,CEI EMILIA PISKE,Municipal,Pública,Urbana,RUA HERMANN PISKE,250,PREDIO,FORTALEZA ALTA,89058006,47,33816393,Oferece alimentação escolar,Não possui turmas EJA,Possui educação especial inclusiva
Blumenau,CEI PROFESSOR PAULO FREIRE,Municipal,Pública,Urbana,RUA ERNST KAESTNER,223,,ITOUPAVA CENTRAL,89068010,47,33816530,Oferece alimentação escolar,Não possui turmas EJA,Possui educação especial inclusiva
Blumenau,CEI ERWIN PASOLD,Municipal,Pública,Urbana,RUA FRIDA KUPAS,50,LOTEAMENTO IMOLA,BADENFURT,89070770,47,33816585,Oferece alimentação escolar,Não possui turmas EJA,Possui educação especial inclusiva
Blumenau,CEI EDGAR SASSE,Municipal,Pública,Urbana,RUA HIMALAIA,S/N,,FORTALEZA ALTA,89058065,47,33816533,Oferece alimentação escolar,Não possui turmas EJA,Possui educação especial inclusiva
Blumenau,CEI PROF ANDREA DA SILVA,Municipal,Pública,Urbana,RUA ARMIN PAGEL,158,,ITOUPAVA CENTRAL,89068030,47,33816538,Oferece alimentação escolar,Não possui turmas EJA,Possui educação especial inclusiva
Blumenau,UNIAO CRISTA ASSOCIACAO SOCIAL E EDUCACIONAL BOM AMIGO,Privada,Filantrópica,Urbana,RUA JOSE DEEKE,1333,,ESCOLA AGRICOLA,89031401,47,33270400,Oferece alimentação escolar,Não possui turmas EJA,Não possui educação especial inclusiva
Blumenau,SESC - CENTRO DE EDUCACAO INFANTIL,Privada,Particular,Urbana,AVENIDA BRASIL,514,,PONTA AGUDA,89050000,47,33364556,Não oferece alimentação escolar,Não possui turmas EJA,Possui educação especial inclusiva
Blumenau,CENTRO DE EDUCACAO INFANTIL ENCANTO E MAGIA,Privada,Particular,Urbana,RUA DA GLORIA,666,,GLORIA,89025300,47,33360278,Não oferece alimentação escolar,Não possui turmas EJA,Possui educação especial inclusiva
Blumenau,COLEGIO MENINO JESUS LTDA,Privada,Particular,Urbana,RUA FLORANIA,350,,VELHA,89040190,47,33252369,Oferece alimentação escolar,Não possui turmas EJA,Possui educação especial inclusiva
Blumenau,ANJOS DA TERRA ESPACO EDUC INFANTIL LTDA,Privada,Particular,Urbana,RUA JOSE CAETANO BARNI,115,,AGUA VERDE,89037110,47,33349521,Não oferece alimentação escolar,Não possui turmas EJA,Não possui educação especial inclusiva
Blumenau,ESCOLA EXPRESSAO,Privada,Particular,Urbana,RUA ICARA,111,,ITOUPAVA SECA,89030170,47,32373217,Não oferece alimentação escolar,Não possui turmas EJA,Não possui educação especial inclusiva
Blumenau,CEI WALLY SERENA BRANDES,Municipal,Pública,Urbana,RUA VALDEMIRO DIAS,88,CASA,VELHA,89032337,47,33816522,Oferece alimentação escolar,Não possui turmas EJA,Possui educação especial inclusiva
Blumenau,CEI PROF MARLISE STRITTHORST THEIS,Municipal,Pública,Urbana,RUA QUINZE DE AGOSTO,126,,FORTALEZA,89055170,47,33816347,Oferece alimentação escolar,Não possui turmas EJA,Possui educação especial inclusiva
Blumenau,CEI CARLOS ROHWEDER,Municipal,Pública,Urbana,RUA RICARDO GEORG,1999,,ITOUPAVA CENTRAL,89069100,47,33816548,Oferece alimentação escolar,Não possui turmas EJA,Possui educação especial inclusiva
Blumenau,ESCOLA DE ED INFANTIL APLICACAO LTDA,Privada,Particular,Urbana,RUA JOAO PAULO I,255,,ITOUPAVA NORTE,89052160,47,33292249,Não oferece alimentação escolar,Não possui turmas EJA,Possui educação especial inclusiva
Blumenau,ANJO PROTETOR JARDIM DE INFANCIA LTDA ME,Privada,Particular,Urbana,RUA EWALDO BRUECKHEIMER,51,,VELHA,89036130,47,33269294,Não oferece alimentação escolar,Não possui turmas EJA,Não possui educação especial inclusiva
Blumenau,ESCOLA PEQUENOS ANJOS,Privada,Particular,Urbana,RUA DOUTOR LUIZ DE FREITAS MELRO,204,,JARDIM BLUMENAU,89010310,47,33066229,Não oferece alimentação escolar,Não possui turmas EJA,Não possui educação especial inclusiva
Blumenau,CEI PROF EVELINA ELISABETH EICHSTAEDT,Municipal,Pública,Urbana,RUA PROFESSOR MAX HUMPL,1613,CASA,SALTO DO NORTE,89065501,47,33816512,Oferece alimentação escolar,Não possui turmas EJA,Possui educação especial inclusiva
Blumenau,PARAISO DA CRIANCA,Privada,Particular,Urbana,RUA IPIRANGA,137,,GARCIA,89022300,47,33242447,Não oferece alimentação escolar,Não possui turmas EJA,Possui educação especial inclusiva
Blumenau,COLEGIO POLICIAL MILITAR FELICIANO NUNES PIRES - UNIDADE PEDRO II,Estadual,Pública,Urbana,RUA FLORIANO PEIXOTO,,,JARDIM BLUMENAU,89010325,47,32217396,Oferece alimentação escolar,Não possui turmas EJA,Possui educação especial inclusiva
Blumenau,CENTRO DE EDUCACAO INFANTIL DECOLAR,Privada,Particular,Urbana,RUA ARTUR GRAHL,356,LOTEAMENTO GIRASSOL,VELHA CENTRAL,89046120,47,32325890,Não oferece alimentação escolar,Não possui turmas EJA,Possui educação especial inclusiva
Blumenau,JARDIM DE INFANCIA TIA NANA,Privada,Particular,Urbana,RUA DAS OLIVEIRAS,65,,PASSO MANSO,89032640,47,33236398,Não oferece alimentação escolar,Não possui turmas EJA,Não possui educação especial inclusiva
Blumenau,JARDIM DE INFANCIA TIA NANA II,Privada,Particular,Urbana,RUA ALLOYS DE ZUTTER,260,,ESCOLA AGRICOLA,89030400,47,30376398,Não oferece alimentação escolar,Não possui turmas EJA,Não possui educação especial inclusiva
Blumenau,CEI BAMBOLE,Privada,Particular,Urbana,RUA JEQUIE,30,,DO SALTO,89030350,47,32093404,Não oferece alimentação escolar,Não possui turmas EJA,Possui educação especial inclusiva
Blumenau,ESCOLA DE EDUCACAO INFANTIL MUNDO MAGICO,Privada,Particular,Urbana,RUA SOROPTIMISTAS,40,,GARCIA,89021000,47,991730476,Não oferece alimentação escolar,Não possui turmas EJA,Não possui educação especial inclusiva
Blumenau,CENTRO DE EDUCACAO CARINHO DE MAE - UNIDADE 2,Privada,Particular,Urbana,RUA ENGENHEIRO PAUL WERNER,1194,,ITOUPAVA SECA,89030101,47,32853621,Não oferece alimentação escolar,Não informou se possui turmas EJA,Não informou se possui educação especial inclusiva
Blumenau,CENTRO EDUCACIONAL VALENTINO,Privada,Particular,Urbana,RUA GUILHERME SCHARF,535,CASA,FIDELIS,89060000,47,32343775,Não oferece alimentação escolar,Não possui turmas EJA,Não possui educação especial inclusiva
Blumenau,ANJO DE CRISTAL,Privada,Particular,Urbana,RUA TUPINIQUIN,52,,AGUA VERDE,89042050,47,32345402,Não oferece alimentação escolar,Não possui turmas EJA,Não possui educação especial inclusiva
Blumenau,SESI SC - BLUMENAU II,Privada,Particular,Urbana,RUA SAO PAULO,1147,,CENTRO,89012000,47,33219600,Não oferece alimentação escolar,Possui turmas EJA,Possui educação especial inclusiva
Blumenau,ACESSO EDUCACAO,Privada,Particular,Urbana,RUA PARAGUAY,90,ANEXO A AABB,PONTA AGUDA,89050020,47,33406362,Não oferece alimentação escolar,Não possui turmas EJA,Possui educação especial inclusiva
Blumenau,CEI JOAO GERVAZ NETO,Municipal,Pública,Urbana,RUA NELSON JOSE BUSARELLO,286,,AGUA VERDE,89042310,47,33817830,Oferece alimentação escolar,Não possui turmas EJA,Possui educação especial inclusiva
Blumenau,INSTITUTO TECNOLOGICO ASSESSORITEC,Privada,Particular,Urbana,RUA DOUTOR PEDRO ZIMMERMANN,6260,,ITOUPAVA CENTRAL,89066000,47,34510417,Não oferece alimentação escolar,Possui turmas EJA,Possui educação especial inclusiva
Blumenau,CEI CANTINHO DO BOM PASTOR,Privada,Particular,Urbana,RUA DOS CACADORES,111,CRECHE,VELHA,89040000,47,33300278,Não oferece alimentação escolar,Não possui turmas EJA,Possui educação especial inclusiva
Blumenau,CENTRO DE EDUCACAO INFANTIL PE DE MOLEQUE,Privada,Particular,Urbana,RUA AGOBAR BRANCO,94,,VILA NOVA,89035330,47,999870697,Não oferece alimentação escolar,Não possui turmas EJA,Possui educação especial inclusiva
Blumenau,ESCOLA DE EDUCACAO INFANTIL DOCE ENCANTO,Privada,Particular,Urbana,RUA HERMANN HUSCHER,2785,,VALPARAISO,89023001,47,991149319,Não oferece alimentação escolar,Não possui turmas EJA,Não possui educação especial inclusiva
Blumenau,ALECRIM DOURADO EDUCACAO INFANTIL,Privada,Particular,Urbana,RUA IRACEMA DA CONCEICAO,67,,ITOUPAVAZINHA,89066503,47,32095300,Não oferece alimentação escolar,Não possui turmas EJA,Não possui educação especial inclusiva
Blumenau,ESCOLA DE EDUCACAO INFANTIL BARNI E FURLAN LTDA,Privada,Particular,Urbana,RUA URUGUAI,320,,PONTA AGUDA,89050060,47,991230707,Não oferece alimentação escolar,Não possui turmas EJA,Possui educação especial inclusiva
Blumenau,ESPACO EDUCACIONAL INFANTIL TINDOLELE,Privada,Particular,Urbana,RUA EPITACIO PESSOA,190,,JARDIM BLUMENAU,89023010,47,32341436,Não oferece alimentação escolar,Não possui turmas EJA,Não possui educação especial inclusiva
Blumenau,O NINHO ESPACO EDUCACIONAL,Privada,Particular,Urbana,RUA GUSTAVO BUDAG,283,,VELHA,89036501,47,32127352,Não oferece alimentação escolar,Não possui turmas EJA,Não possui educação especial inclusiva
Blumenau,CENTRO DE EDUCACAO INFANTIL PROFESSORA ELISABETE NUNES ANDERLE,Municipal,Pública,Urbana,RUA ELVIRA BORNHOFEN,156,,PASSO MANSO,89032464,47,33816521,Oferece alimentação escolar,Não possui turmas EJA,Possui educação especial inclusiva
Blumenau,CENTRO EDUCACIONAL DE JORNADA AMPLIADA DA SECRETARIA MUNICIPAL DE EDUCACAO I - CEMATEPCA I,Municipal,Pública,Urbana,RUA ARARANGUA,648,,GARCIA,89020300,47,33816537,Oferece alimentação escolar,Não informou se possui turmas EJA,Não informou se possui educação especial inclusiva
Blumenau,CENTRO EDUCACIONAL DE JORNADA AMPLIADA DA SECRETARIA MUNICIPAL DE EDUCACAO II - CEMATEPCA II,Municipal,Pública,Urbana,RUA OTILIA PASSOLD,36,CASA,VILA ITOUPAVA,89075445,47,33816498,Oferece alimentação escolar,Não informou se possui turmas EJA,Não informou se possui educação especial inclusiva
Blumenau,CENTRO DE EDUCACAO INFANTIL FRUTO DO AMANHA,Privada,Particular,Urbana,RUA SAMUEL MORSE,152,,FORTALEZA ALTA,89058010,47,33392465,Não oferece alimentação escolar,Não possui turmas EJA,Possui educação especial inclusiva
Blumenau,ESPACO EDUCACIONAL AQUARELA LTDA,Privada,Particular,Urbana,RUA JOHANNES RODL,101,,ITOUPAVA NORTE,89053570,47,32320900,Não oferece alimentação escolar,Não possui turmas EJA,Não possui educação especial inclusiva
Blumenau,CENTRO DE EDUCACAO INFANTIL GENTE MIUDA,Privada,Particular,Urbana,RUA IMPERATRIZ LEOPOLDINA,215,,VELHA,89041200,47,991079791,Não oferece alimentação escolar,Não possui turmas EJA,Não possui educação especial inclusiva
Blumenau,EEB SENADOR EVELASIO VIEIRA,Estadual,Pública,Urbana,RUA PROFESSOR JACOB INEICHEN,445,,ITOUPAVAZINHA,89066600,47,33788018,Oferece alimentação escolar,Não possui turmas EJA,Possui educação especial inclusiva
Blumenau,COC BLUMENAU,Privada,Particular,Urbana,ALAMEDA RIO BRANCO,55,,CENTRO,89010015,47,35131288,Não oferece alimentação escolar,Não possui turmas EJA,Possui educação especial inclusiva
Blumenau,COLEGIO EXCELSIOR,Privada,Particular,Urbana,RUA 11 DE JUNHO,158,,ITOUPAVA NORTE,89052290,,,Não oferece alimentação escolar,Não possui turmas EJA,Possui educação especial inclusiva
Blumenau,ESCOLA DE EDUCACAO INFANTIL ENCANTAR LTDA,Privada,Particular,Urbana,RUA PARANAPANEMA,73,,VELHA,89041170,47,30410727,Não oferece alimentação escolar,Não possui turmas EJA,Possui educação especial inclusiva
Blumenau,CENTRO EDUCACIONAL NINHO DO SABER LTDA,Privada,Particular,Urbana,RUA LINUS REITER,250,,VELHA CENTRAL,89040460,47,32889215,Não oferece alimentação escolar,Não possui turmas EJA,Possui educação especial inclusiva
Blumenau,CEI PASTOR NIRTON DOS SANTOS,Municipal,Pública,Urbana,RUA HERVAL DO OESTE,48,ANTIGO CASTELINHO,VELHA CENTRAL,89040220,47,997530283,Oferece alimentação escolar,Não possui turmas EJA,Possui educação especial inclusiva
Blumenau,ESCOLA DE EDUCACAO INFANTIL MUNDO DA MAGIA,Privada,Particular,Urbana,RUA GUILHERME LARSEN,147,,SALTO DO NORTE,89065710,47,984269020,Não oferece alimentação escolar,Não possui turmas EJA,Possui educação especial inclusiva
Blumenau,AB KIDS EDUCACAO INFANTIL,Privada,Particular,Urbana,RUA ALICE HERING,38,,VILA NOVA,89035071,47,33090907,Não oferece alimentação escolar,Não possui turmas EJA,Não possui educação especial inclusiva
Blumenau,OLHAR EDUCACAO,Privada,Particular,Urbana,RUA URUGUAI,183,,PONTA AGUDA,89050060,47,33063850,Oferece alimentação escolar,Não possui turmas EJA,Possui educação especial inclusiva
Blumenau,DUAL INTERNATIONAL SCHOOL,Privada,Particular,Urbana,RUA PANDIA CALOGERAS,272,,JARDIM BLUMENAU,89010350,47,32853586,Não oferece alimentação escolar,Não possui turmas EJA,Não possui educação especial inclusiva
Blumenau,INSTITUICAO ESPACO INFANTIL EUREKA,Privada,Particular,Urbana,RUA SETE DE ABRIL,1,,ITOUPAVA NORTE,89050260,47,992123984,Não oferece alimentação escolar,Não possui turmas EJA,Possui educação especial inclusiva
Blumenau,CENTRO DE EDUCACAO INFANTIL ELFRIDA FISCHER VIEIRA,Municipal,Pública,Urbana,RUA JARDIM GERMANICO,555,,ITOUPAVAZINHA,89066321,47,996830133,Oferece alimentação escolar,Não possui turmas EJA,Possui educação especial inclusiva
Blumenau,ESCOLA INFANTIL SER BRINCANTE,Privada,Particular,Urbana,RUA JOSE DEEKE,1744,,ESCOLA AGRICOLA,89031401,47,32377372,Não oferece alimentação escolar,Não possui turmas EJA,Não possui educação especial inclusiva
Blumenau,CENTRO EDUCACIONAL ALEM DO ARCO-IRIS,Privada,Particular,Urbana,RUA GUSTAVO ZIMMERMANN,9279,,ITOUPAVA CENTRAL,89063003,47,33372907,Não oferece alimentação escolar,Não possui turmas EJA,Não possui educação especial inclusiva
Blumenau,EDUCARE CENTRO DE EDUCACAO INFANTIL,Privada,Particular,Urbana,RUA DOUTOR PEDRO ZIMMERMANN,6209,,ITOUPAVA CENTRAL,89068000,47,997740930,Não oferece alimentação escolar,Não possui turmas EJA,Possui educação especial inclusiva
Blumenau,CENTRO DE EDUCACAO INFANTIL SABERATIVO,Privada,Particular,Urbana,RUA DOUTOR PAULO ALDINGER,139,,ESCOLA AGRICOLA,89037690,47,33282150,Não oferece alimentação escolar,Não possui turmas EJA,Possui educação especial inclusiva
Blumenau,DOCE INFANCIA EDUCACAO INFANTIL,Privada,Particular,Urbana,RUA JOAO EHRAT,84,CASA,GARCIA,89020090,47,991049716,Não oferece alimentação escolar,Não possui turmas EJA,Possui educação especial inclusiva
Blumenau,ESCOLA INFANTIL SEMEAR AMOR,Privada,Particular,Urbana,RUA GENERAL OSORIO,400,,VELHA,89041000,47,996273347,Não oferece alimentação escolar,Não possui turmas EJA,Possui educação especial inclusiva
Blumenau,CENTRO EDUCACIONAL RECRIARE,Privada,Particular,Urbana,RUA GEORGE FRIDRICH MORDHORST,47,,ITOUPAVA CENTRAL,89062220,47,999838134,Não oferece alimentação escolar,Não possui turmas EJA,Possui educação especial inclusiva
Blumenau,INSTITUTO CAD,Privada,Particular,Urbana,RUA ITAJAI,,,VORSTADT,89015205,47,999152332,Não oferece alimentação escolar,Não possui turmas EJA,Não possui educação especial inclusiva
Blumenau,ESCOLA POLITECNICA DE INOVACAO E CONHECIMENTO APLICADO,Privada,Particular,Urbana,RUA ELSBETH FEDDERSEN,72,,SALTO DO NORTE,89065430,47,33805200,Não oferece alimentação escolar,Não possui turmas EJA,Não possui educação especial inclusiva
Blumenau,CARINHO DE MAE,Privada,Particular,Urbana,RUA ENGENHEIRO PAUL WERNER,1248,,ITOUPAVA SECA,89030101,47,32320914,Não oferece alimentação escolar,Não possui turmas EJA,Possui educação especial inclusiva
Blumenau,CRECHE PEQUENA SEREIA LTDA,Privada,Particular,Urbana,RUA ALBERTO KOFFKE,208,CASA,CENTRO,89012440,47,33260353,Não oferece alimentação escolar,Não possui turmas EJA,Possui educação especial inclusiva
Blumenau,SOCIEDADE BENEFICENTE ARNOLD HADLICH,Privada,Filantrópica,Urbana,RUA FRANZ HADLICH,278,,VELHA CENTRAL,89040180,47,33285592,Oferece alimentação escolar,Não possui turmas EJA,Possui educação especial inclusiva
Blumenau,ASSOCIACAO ASSISTENCIAL LAR BETANIA UNIDADE LAR BETHEL,Privada,Filantrópica,Urbana,RUA GERMANO KRATZ NETO,158,PREDIO,VELHA GRANDE,89045640,47,33301327,Oferece alimentação escolar,Não possui turmas EJA,Possui educação especial inclusiva
Blumenau,YELLOW TREE ESCOLA INFANTIL LTDA ME,Privada,Particular,Urbana,RUA PARA,105,,ITOUPAVA SECA,89030300,47,30190099,Não oferece alimentação escolar,Não possui turmas EJA,Possui educação especial inclusiva
Blumenau,ESCOLA DE EDUCACAO INFANTIL ALGODAO DOCE,Privada,Particular,Urbana,RUA HERMANN TRIBESS,105,EM FRENTE A PADARIA,TRIBESS,89055400,47,33392735,Não oferece alimentação escolar,Não possui turmas EJA,Possui educação especial inclusiva
Blumenau,CEI CARINHA DE ANJO,Privada,Particular,Urbana,RUA ANGELO XENOFONTES LENZI,279,,VELHA,89045070,47,30421682,Não oferece alimentação escolar,Não possui turmas EJA,Não possui educação especial inclusiva
Blumenau,CRECHE RAIO DE LUZ,Privada,Particular,Urbana,RUA HERMINIO SERGIO REZENDE,156,,FORTALEZA,89057228,47,33385431,Não oferece alimentação escolar,Não possui turmas EJA,Não possui educação especial inclusiva
Blumenau,CENTRO EDUC MOTIVA ACAO INFANTIL,Privada,Particular,Urbana,RUA SAO FRANCISCO,25,,VILA NOVA,89035220,47,33229172,Não oferece alimentação escolar,Não possui turmas EJA,Não possui educação especial inclusiva
Blumenau,SPAZIO BAMBINI CENTRO DE DESENV INFANTIL,Privada,Particular,Urbana,RUA CAMBORIU,163,,VICTOR KONDER,89012160,47,30353991,Não oferece alimentação escolar,Não possui turmas EJA,Possui educação especial inclusiva
Blumenau,LUMIERE ESPACO EDUCACIONAL INFANTIL,Privada,Particular,Urbana,RUA NATAL,39,,JARDIM BLUMENAU,89010460,47,33222100,Não oferece alimentação escolar,Não possui turmas EJA,Não possui educação especial inclusiva
Blumenau,FACULDADE DE TECNOLOGIA SENAC BLUMENAU,Privada,Particular,Urbana,AVENIDA BRASIL,610,,PONTA AGUDA,89050000,47,30359999,Não oferece alimentação escolar,Não possui turmas EJA,Possui educação especial inclusiva
Blumenau,CEI LEONARDO LAURINDO TERRES,Municipal,Pública,Urbana,RUA FREDERICO JENSEN,2507,,ITOUPAVAZINHA,89066301,47,33816542,Oferece alimentação escolar,Não possui turmas EJA,Possui educação especial inclusiva
Blumenau,CEI PROF JOAO BERTOLDO PETRY,Municipal,Pública,Urbana,RUA JOEL BERNARDES,56,,VELHA CENTRAL,89046023,47,33817975,Oferece alimentação escolar,Não possui turmas EJA,Não possui educação especial inclusiva
Blumenau,COOEPERATIVA DE EDUCACAO DE PROFESSORES E ESPECIALISTAS,Privada,Particular,Urbana,RUA DOIS DE SETEMBRO,3048,1� ANDAR,ITOUPAVA NORTE,89052000,47,33384002,Não oferece alimentação escolar,Possui turmas EJA,Possui educação especial inclusiva
Blumenau,CEI FRIEDA ZADROZNY,Municipal,Pública,Urbana,RUA DA GLORIA,459,FUNDOS,GLORIA,89025300,47,33816392,Oferece alimentação escolar,Não possui turmas EJA,Possui educação especial inclusiva
Blumenau,CEI ARNO BERNARDES,Municipal,Pública,Urbana,RUA PAULA HOELTGEBAUM,88,,FORTALEZA,89057160,47,33816547,Oferece alimentação escolar,Não possui turmas EJA,Possui educação especial inclusiva
Blumenau,CEI PROF ERNA ANNA TRAPP,Municipal,Pública,Rural,RUA ERWIN MANZKE,5.517,,VILA ITOUPAVA,89075505,47,33816497,Oferece alimentação escolar,Não possui turmas EJA,Possui educação especial inclusiva
Blumenau,EBM DUQUE DE CAXIAS,Municipal,Pública,Urbana,RUA DOUTOR PEDRO ZIMMERMANN,12406,,ITOUPAVA CENTRAL,89069005,47,33816381,Oferece alimentação escolar,Não possui turmas EJA,Possui educação especial inclusiva
Blumenau,EIM ALVES RAMOS,Municipal,Pública,Rural,RUA ERICH MEYER,4599,,ITOUPAVA CENTRAL,89075200,47,33816540,Oferece alimentação escolar,Não possui turmas EJA,Possui educação especial inclusiva
Blumenau,EIM DR BLUMENAU,Municipal,Pública,Rural,RUA WILHELM KNAESEL SENIOR,3000,,ITOUPAVA CENTRAL,89063180,47,33816337,Oferece alimentação escolar,Não possui turmas EJA,Possui educação especial inclusiva
Blumenau,EBM FELIPE SCHMIDT,Municipal,Pública,Urbana,RUA FREDERICO JENSEN,3139,ESCOLA,ITOUPAVAZINHA,89066377,47,33816688,Oferece alimentação escolar,Não possui turmas EJA,Possui educação especial inclusiva
Blumenau,ESCOLA MUNICIPAL BILINGUE ERICH KLABUNDE,Municipal,Pública,Rural,RUA BRACO DO SUL,2838,,VILA ITOUPAVA,89075605,47,33816343,Oferece alimentação escolar,Não possui turmas EJA,Possui educação especial inclusiva
Blumenau,EEB ERWIN RADTKE,Estadual,Pública,Rural,RUA ERWIN MANZKE,13375,,VILA ITOUPAVA,89075505,47,33788529,Oferece alimentação escolar,Não possui turmas EJA,Possui educação especial inclusiva
Blumenau,EM FREDERICO SIEVERT,Municipal,Pública,Rural,RUA VIENA,2290,,VILA ITOUPAVA,89075390,47,33816559,Oferece alimentação escolar,Não possui turmas EJA,Possui educação especial inclusiva
Blumenau,EM CARLOS MANSKE,Municipal,Pública,Rural,RUA ARTUR HERTEL,4203,,VILA ITOUPAVA,89075570,47,33816401,Oferece alimentação escolar,Não possui turmas EJA,Possui educação especial inclusiva
Blumenau,EEB CEL PEDRO CHRISTIANO FEDDERSEN,Estadual,Pública,Urbana,R HENRIQUE CONRAD,145,FUNDOS,VILA ITOUPAVA,89075350,47,33788369,Oferece alimentação escolar,Não possui turmas EJA,Possui educação especial inclusiva
Blumenau,CEI JOHANNA CONRAD,Municipal,Pública,Urbana,RUA WOLFGANG BLANK,12,,VILA ITOUPAVA,89075450,47,33816499,Oferece alimentação escolar,Não possui turmas EJA,Possui educação especial inclusiva
Blumenau,EIM WILLY MULLER,Municipal,Pública,Rural,RUA AUGUSTO BAUER,1294,,VILA ITOUPAVA,89075300,47,33816339,Oferece alimentação escolar,Não possui turmas EJA,Possui educação especial inclusiva
Blumenau,CRECHE E JARDIM MENINOS E MENINAS,Privada,Particular,Urbana,RUA DOIS DE SETEMBRO,2961,,ITOUPAVA NORTE,89052002,47,30353333,Não oferece alimentação escolar,Não possui turmas EJA,Possui educação especial inclusiva
Blumenau,CENTRO DE EDUCACAO INFANTIL PEQUENAS ESTRELAS,Privada,Particular,Urbana,RUA WALTER KNAESEL,241,,ITOUPAVA CENTRAL,89063060,47,33371335,Não oferece alimentação escolar,Não possui turmas EJA,Não possui educação especial inclusiva
Blumenau,EEB PROF IZOLETE ELIZA GOUVEIA MULLER,Estadual,Pública,Urbana,ADRIANO SCHAEFER,77,PREDIO ESCOLAR,VALPARAISO,89023620,47,33788378,Oferece alimentação escolar,Não possui turmas EJA,Possui educação especial inclusiva
Blumenau,EBM HENRIQUE ALFARTH,Municipal,Pública,Urbana,RUA RUI BARBOSA,1616,ESCOLA,PROGRESSO,89026602,47,33816359,Oferece alimentação escolar,Não possui turmas EJA,Possui educação especial inclusiva
Blumenau,EEB PE JOSE MAURICIO,Estadual,Pública,Urbana,RUA PROGRESSO,2053,ESCOLA,PROGRESSO,89026201,47,33788680,Oferece alimentação escolar,Não possui turmas EJA,Possui educação especial inclusiva
Blumenau,EIM CAPITAO EUCLIDES DE CASTRO,Municipal,Pública,Urbana,RUA JORDAO,2269,,PROGRESSO,89027710,47,33816171,Oferece alimentação escolar,Não possui turmas EJA,Possui educação especial inclusiva
Blumenau,CEI PROF RAQUEL WISINTAINER SOARES,Municipal,Pública,Urbana,RUA SANTA MARIA,2314,,PROGRESSO,89027200,47,33816558,Oferece alimentação escolar,Não possui turmas EJA,Possui educação especial inclusiva
Blumenau,EEB PROF NILO BORGHESI,Estadual,Pública,Urbana,RUA JORDAO,357,ESCOLA,PROGRESSO,89027710,47,33788372,Oferece alimentação escolar,Não possui turmas EJA,Possui educação especial inclusiva
Blumenau,CEI BRUNO SCHREIBER,Municipal,Pública,Urbana,RUA ERNESTINE EHRHARDT,157,,PROGRESSO,89027650,47,33816536,Oferece alimentação escolar,Não possui turmas EJA,Possui educação especial inclusiva
Blumenau,CEI VEREADOR EWALDO MORITZ,Municipal,Pública,Urbana,RUA SANTA TEREZINHA,295,,PROGRESSO,89026800,47,33816517,Oferece alimentação escolar,Não possui turmas EJA,Possui educação especial inclusiva
Blumenau,CEI LUIZ VARGAS,Municipal,Pública,Urbana,RUA AUGUST MULLER,159,CASA,GARCIA,89022060,47,33816515,Oferece alimentação escolar,Não possui turmas EJA,Possui educação especial inclusiva
Blumenau,CEI DARIO JOAO VIEIRA,Municipal,Pública,Urbana,RUA INDEPENDENCIA,136,,VALPARAISO,89023400,47,33816546,Oferece alimentação escolar,Não possui turmas EJA,Não possui educação especial inclusiva
Blumenau,ESCOLA INFANTIL DOCE LAR,Privada,Particular,Urbana,RUA ENGENHEIRO ODEBRECHT,130,,GARCIA,89021200,47,984257311,Não oferece alimentação escolar,Não possui turmas EJA,Possui educação especial inclusiva
Blumenau,CEI PAULO TALLMANN,Municipal,Pública,Urbana,RUA BARAO DE CAPANEMA,63,ATRAS DA KIBAGUETTI,GARCIA,89022440,47,33816520,Oferece alimentação escolar,Não possui turmas EJA,Possui educação especial inclusiva
Blumenau,CEI PROFESSOR EMILIANO STOLF,Municipal,Pública,Urbana,RUA DA GLORIA,754,,GLORIA,89025303,47,33816527,Oferece alimentação escolar,Não possui turmas EJA,Não possui educação especial inclusiva
Gaspar,COLEGIO MADRE FRANCISCA LAMPEL,Privada,Filantrópica,Urbana,RUA SAO PEDRO,125,,CENTRO,89110082,47,33320935,Não oferece alimentação escolar,Não possui turmas EJA,Possui educação especial inclusiva
Gaspar,CDI IRMA CECILIA VENTURI,Municipal,Pública,Urbana,RUA BONIFACIO HAENDCHEN,4385,,BELCHIOR ALTO,89117770,47,30912209,Oferece alimentação escolar,Não possui turmas EJA,Possui educação especial inclusiva
Gaspar,CRECHE LAR MARIA DE NAZARE,Privada,Filantrópica,Urbana,RUA JOSE HONORATO MULLER,400,,COLONINHA,89110170,47,33323057,Não oferece alimentação escolar,Não possui turmas EJA,Possui educação especial inclusiva
Gaspar,CDI TIA MARIA ELISA,Municipal,Pública,Urbana,RUA TERESA CRISTINA MACIEL,290,,BELA VISTA,89111018,47,30912218,Oferece alimentação escolar,Não possui turmas EJA,Possui educação especial inclusiva
Gaspar,EEB FREI POLICARPO,Estadual,Pública,Urbana,RUA BONIFACIO HAENDCHEN,4400,,BELCHIOR ALTO,89117770,47,33788396,Oferece alimentação escolar,Não possui turmas EJA,Possui educação especial inclusiva
Gaspar,EEB PROF HONORIO MIRANDA,Estadual,Pública,Urbana,R SAO PEDRO,158,,CENTRO,89110082,47,33788392,Oferece alimentação escolar,Não possui turmas EJA,Possui educação especial inclusiva
Gaspar,EEB MARINA VIEIRA LEAL,Estadual,Pública,Urbana,RUA LINO VICENTE ALBERICI,200,,BARRACAO,89113314,47,33788394,Oferece alimentação escolar,Não possui turmas EJA,Possui educação especial inclusiva
Gaspar,EEB MARIO PEDERNEIRAS,Municipal,Pública,Urbana,RUA GERAL POCO GRANDE,5435,,LAGOA,89115450,47,30912227,Oferece alimentação escolar,Não possui turmas EJA,Possui educação especial inclusiva
Gaspar,EEB PROF ANGELICA DE SOUZA COSTA,Municipal,Pública,Urbana,RUA ARABIA SAUDITA,167,,MARGEM ESQUERDA,89116750,47,30912230,Oferece alimentação escolar,Não possui turmas EJA,Possui educação especial inclusiva
Gaspar,EEF PROF ANA LIRA,Municipal,Pública,Rural,RUA ITALIA,6041,,ALTO GASPARINHO,89112820,47,30912234,Oferece alimentação escolar,Não possui turmas EJA,Possui educação especial inclusiva
Gaspar,E E B BELCHIOR,Municipal,Pública,Urbana,RUA RUA BONIFACIO HAENDCHEN,945,,BELCHIOR CENTRAL,89117680,47,30912222,Oferece alimentação escolar,Não possui turmas EJA,Possui educação especial inclusiva
Gaspar,EEB PROFESSOR OLIMPIO MORETTO,Municipal,Pública,Urbana,RUA PREFEITO LEOPOLDO SCHRAMM,2425,,BAIRRO GASPAR GRANDE,89111270,47,30912233,Oferece alimentação escolar,Não possui turmas EJA,Possui educação especial inclusiva
Gaspar,ESCOLA DE EDUCACAO BASICA PROFESSORA ANINHA PAMPLONA ROSA,Municipal,Pública,Urbana,RUA RODOLFO VIEIRA PAMPLONA,3390,LADO PAR,GASPAR MIRIM,89112520,47,30912221,Oferece alimentação escolar,Não possui turmas EJA,Possui educação especial inclusiva
Gaspar,EEB FERANDINO DAGNONI,Municipal,Pública,Urbana,RUA RUA VO IDA DAGNONI 58,,,GASPARINHO,89112375,47,30912225,Oferece alimentação escolar,Não possui turmas EJA,Possui educação especial inclusiva
Gaspar,EEB PROF RUDOLFO GUNTHER,Municipal,Pública,Urbana,RUA GREGORIO SCHMIDT,50,,BAIRRO GASPAR ALTO,89111622,47,30912229,Oferece alimentação escolar,Não possui turmas EJA,Possui educação especial inclusiva
Gaspar,EEB FREI GODOFREDO,Estadual,Pública,Urbana,R MANOEL BITTENCOURT,330,,SETE DE SETEMBRO,89114758,47,33788393,Oferece alimentação escolar,Não possui turmas EJA,Possui educação especial inclusiva
Gaspar,EEB PROF VITORIO ANACLETO CARDOSO,Municipal,Pública,Urbana,RUA GERAL POCO GRANDE,87,,LAGOA,89115290,47,30912231,Oferece alimentação escolar,Não possui turmas EJA,Possui educação especial inclusiva
Gaspar,EEB ARNOLDO AGENOR ZIMMERMANN,Estadual,Pública,Urbana,RUA ADRIANO KORMANN,599,,BELA VISTA,89111009,47,33788261,Oferece alimentação escolar,Não possui turmas EJA,Possui educação especial inclusiva
Gaspar,EEB IVO D AQUINO,Estadual,Pública,Urbana,R JOSE HONORATO MULLER,259,,COLONINHA,89110170,47,33788395,Oferece alimentação escolar,Não possui turmas EJA,Possui educação especial inclusiva
Gaspar,ESCOLA DE EDUCACAO BASICA LUIZ FRANZOI,Municipal,Pública,Urbana,RUA VITORIO FANTONI,343,,BATEIAS,89113206,47,30912226,Oferece alimentação escolar,Não possui turmas EJA,Possui educação especial inclusiva
Gaspar,EEB NORMA MONICA SABEL,Municipal,Pública,Urbana,RUA RUA PEDRO BONIFACIO SABEL,405,,MARGEM ESQUERDA,89116658,47,30912228,Oferece alimentação escolar,Não possui turmas EJA,Possui educação especial inclusiva
Gaspar,E E B PROF DOLORES LUZIA DOS SANTOS KRAUSS,Municipal,Pública,Urbana,RUA GUILHERME SABEL,350,,FIGUEIRA,89110520,47,30912223,Oferece alimentação escolar,Não possui turmas EJA,Possui educação especial inclusiva
Gaspar,ESCOLA DE EDUCACAO BASICA ZENAIDE SCHMITT COSTA,Municipal,Pública,Urbana,RUA JACOB JUNKES,186,,SANTA TEREZINHA,89114198,47,30912232,Oferece alimentação escolar,Não possui turmas EJA,Possui educação especial inclusiva
Gaspar,EEB ERVINO VENTURI,Municipal,Pública,Urbana,RUA ARTUR POFFO,425,,SANTA TEREZINHA,89114355,47,30912224,Oferece alimentação escolar,Não possui turmas EJA,Possui educação especial inclusiva
Gaspar,IFSC - CAMPUS GASPAR,Federal,Pública,Urbana,RUA ADRIANO KORMANN,510,,BELA VISTA,89111009,47,33183700,Oferece alimentação escolar,Não possui turmas EJA,Possui educação especial inclusiva
Gaspar,CDI VOVO LEONIDA,Municipal,Pública,Urbana,RUA RUA AMELIA SCHMITT,55,,SANTA TEREZINHA,89114162,47,30912220,Oferece alimentação escolar,Não possui turmas EJA,Possui educação especial inclusiva
Gaspar,COLEGIO UNI,Privada,Particular,Urbana,RUA DORALICIO GARCIA,777,,CENTRO,89110013,47,33321088,Não oferece alimentação escolar,Não possui turmas EJA,Possui educação especial inclusiva
Gaspar,CDI FATIMA REGINA,Municipal,Pública,Urbana,RUA FREI SOLANO,3693,33000693,GASPARINHO,89112470,47,30912208,Oferece alimentação escolar,Não possui turmas EJA,Possui educação especial inclusiva
Gaspar,CDI CACHINHOS DE OURO,Municipal,Pública,Urbana,RUA HELENA AUGUSTA GAERTNER,500,,FIGUEIRA,89110450,47,30912205,Oferece alimentação escolar,Não possui turmas EJA,Possui educação especial inclusiva
Gaspar,ASSOC DE PAIS E AMIGOS DOS EXCEPCIONAIS,Privada,Filantrópica,Urbana,RUA RUA MAFRA,99,,SANTA TEREZINHA,89114232,47,33328066,Não oferece alimentação escolar,Não informou se possui turmas EJA,Não informou se possui educação especial inclusiva
Gaspar,CDI MARIA DA SILVA,Municipal,Pública,Urbana,RUA ANTONIO ZENDRON,275,,MARGEM ESQUERDA,89116566,47,30912211,Oferece alimentação escolar,Não possui turmas EJA,Possui educação especial inclusiva
Gaspar,CDI VOVO BENTA,Municipal,Pública,Urbana,RUA PREFEITO LEOPOLDO SCHRAMM,2461,,BAIRRO GASPAR GRANDE,89111270,47,30912219,Oferece alimentação escolar,Não possui turmas EJA,Possui educação especial inclusiva
Gaspar,CENTRO DE DESENVOLV INF DORVALINA FACHINI,Municipal,Pública,Urbana,RUA PREFEITO JULIO SCHRAMM,635,CDI,SETE DE SETEMBRO,89114738,47,30912207,Oferece alimentação escolar,Não possui turmas EJA,Possui educação especial inclusiva
Gaspar,CDI THEREZA BEDUSCHI,Municipal,Pública,Urbana,RUA JOHANA BRENK BARBIERI,70,,BARRACAO,89113330,47,30912217,Oferece alimentação escolar,Não possui turmas EJA,Possui educação especial inclusiva
Gaspar,CDI DEP FRANCISCO MASTELLA,Municipal,Pública,Urbana,RUA FRANCISCO SPENGLER,2662,,POCO GRANDE,89115152,47,30912206,Oferece alimentação escolar,Não possui turmas EJA,Possui educação especial inclusiva
Gaspar,ESCOLA DE ED INF MUNDO FELIZ,Privada,Particular,Urbana,RUA ITAPEMA,181,,SANTA TEREZINHA,89114240,47,33322140,Não oferece alimentação escolar,Não possui turmas EJA,Possui educação especial inclusiva
Gaspar,EJA EDUCACAO DE JOVENS E ADULTOS,Municipal,Pública,Urbana,RUA ARNOLDO SCHRAMM,210,SALA COMERCIAL,CENTRO,89110064,47,30912202,Oferece alimentação escolar,Possui turmas EJA,Possui educação especial inclusiva
Gaspar,CDI PROF MERCEDES MELATO BEDUSCHI,Municipal,Pública,Urbana,RUA JOSE RANGEL,332,,BAIRRO BATEIAS,89113215,47,30912214,Oferece alimentação escolar,Não possui turmas EJA,Possui educação especial inclusiva
Gaspar,CEDLUZ SCHOOL,Privada,Particular,Urbana,ESTRADA GERAL AGUAS NEGRAS,1250,SALA 01,FIGUEIRA,89110526,47,984157733,Não oferece alimentação escolar,Não possui turmas EJA,Possui educação especial inclusiva
Gaspar,UD DE GASPAR,Estadual,Pública,Urbana,JOSE HONORATO MULLER,259,EEB IVO DAQUINO,COLONINHA,89110170,47,33788698,Oferece alimentação escolar,Possui turmas EJA,Possui educação especial inclusiva
Gaspar,CENTRO DE DESENV INFA TEMPOS DE INFANCIA,Municipal,Pública,Urbana,RUA GABRIEL SCHMITT,335,,BELCHIOR CENTRAL,89117756,47,30912216,Oferece alimentação escolar,Não possui turmas EJA,Possui educação especial inclusiva
Gaspar,ESCOLA DE EDUCACAO INFANTIL ESSENCIA DO BRINCAR,Privada,Particular,Urbana,RUA JOAQUIM SILVINO DA CUNHA,20,,SANTA TEREZINHA,89114148,47,33320948,Não oferece alimentação escolar,Não possui turmas EJA,Possui educação especial inclusiva
Gaspar,ESCOLA DO SITIO PASSARO ENCANTADO,Privada,Particular,Urbana,RUA JOAQUIM ALVES DE ANDRADE,800,,LAGOA,89115415,47,991711144,Não oferece alimentação escolar,Não possui turmas EJA,Possui educação especial inclusiva
Gaspar,CENTRO EDUCACIONAL RECANTO FELIZ,Privada,Particular,Urbana,RUA PREFEITO LEOPOLDO SCHRAMM,212,,COLONINHA,89110119,47,30182577,Não oferece alimentação escolar,Não possui turmas EJA,Não possui educação especial inclusiva
Gaspar,CEI PIPOQUINHA,Privada,Particular,Urbana,RUA FREI SOLANO,1290,,GASPARINHO,89112070,47,999934503,Não oferece alimentação escolar,Não possui turmas EJA,Não possui educação especial inclusiva
Gaspar,JARDIM DE INFANCIA PINGO DE GENTE,Privada,Particular,Urbana,RUA 1 DE JANEIRO,193,,SETE DE SETEMBRO,89114852,47,999200538,Não oferece alimentação escolar,Não possui turmas EJA,Não possui educação especial inclusiva
Gaspar,CENTRO DE DESENVOLVIMENTO INFANTIL MARIA SALETE OLIVEIRA PEREIRA,Municipal,Pública,Urbana,RUA JACOB MULLER,497,,COLONINHA,89110283,47,30912212,Oferece alimentação escolar,Não possui turmas EJA,Possui educação especial inclusiva
Gaspar,CENTRO DE EDUCACAO INFANTIL EVOLUCAO,Privada,Particular,Urbana,RUA ARNOLD KOCH,56,,COLONINHA,89110250,47,33970718,Não oferece alimentação escolar,Não possui turmas EJA,Não possui educação especial inclusiva
Gaspar,CENTRO DE DESENVOLVIMENTO INFANTIL EMILIA THEISS,Municipal,Pública,Urbana,ESTRADA GERAL GASPAR GRANDE,601,,GASPAR GRANDE,89111270,47,30912235,Oferece alimentação escolar,Não possui turmas EJA,Possui educação especial inclusiva
Gaspar,ESCOLA DE EDUCACAO INFANTIL PINTANDO O SETE,Privada,Particular,Urbana,RUA INES SABEL,295,,MARGEM ESQUERDA,89116660,47,33327758,Não oferece alimentação escolar,Não possui turmas EJA,Possui educação especial inclusiva
Gaspar,ESCOLA DO SITIO CRIANCA FELIZ,Privada,Particular,Urbana,RUA RODOLFO VIEIRA PAMPLONA,3200,,GASPAR MIRIM,89112670,47,999327810,Não oferece alimentação escolar,Não possui turmas EJA,Possui educação especial inclusiva
Gaspar,CEDLUZ SCHOOL,Privada,Particular,Urbana,RUA ITAJAI,180,ESCOLA,SETE DE SETEMBRO,89115001,47,984157733,Não oferece alimentação escolar,Não possui turmas EJA,Possui educação especial inclusiva
Gaspar,SERVICO DE FONOAUDIOLOGIA PSICOPEDAGOGIA E PSICOLOGIA ESCOLAR - SEFOPPE,Municipal,Pública,Urbana,RUA DUQUE DE CAXIAS,111,1� ANDAR - SALA 105,CENTRO,89110052,47,30912620,Não oferece alimentação escolar,Não informou se possui turmas EJA,Não informou se possui educação especial inclusiva
Gaspar,INTEGRAR - SERVICO MULTIPROFISSIONAL PARA TRANSTORNO DO ESPECTRO AUTISTA,Municipal,Pública,Urbana,RUA DUQUE DE CAXIAS,111,1� ANDAR,CENTRO,89110052,47,30912041,Não oferece alimentação escolar,Não informou se possui turmas EJA,Não informou se possui educação especial inclusiva
Gaspar,CASA DAS OFICINAS CULTURAIS DAGOBERT GUNTHER,Municipal,Pública,Urbana,RUA OTILIA CECILIA PAMPLONA,55,,SETE DE SETEMBRO,89115005,47,30912237,Não oferece alimentação escolar,Não informou se possui turmas EJA,Não informou se possui educação especial inclusiva
Gaspar,CENTRO DE DESENVOLVIMENTO INFANTIL NELSON ALEXANDRE BORNHAUSEN,Municipal,Pública,Urbana,RUA LUIZ FRANZOI,2100,EM FRENTE UNIAO,MARGEM ESQUERDA,89116709,47,30912238,Oferece alimentação escolar,Não possui turmas EJA,Possui educação especial inclusiva
Gaspar,CENTRO DE DESENVOLVIMENTO INFANTIL DOCE INFANCIA,Privada,Particular,Urbana,RUA MANOEL BERNARDO DA SILVA,573,,FIGUEIRA,89110430,47,999377443,Não oferece alimentação escolar,Não possui turmas EJA,Não possui educação especial inclusiva
Gaspar,ESPACO RECREATIVO PROF LEIA,Privada,Particular,Urbana,RUA 1 DE JANEIRO,170,,SETE DE SETEMBRO,89114852,47,999627644,Não oferece alimentação escolar,Não informou se possui turmas EJA,Não informou se possui educação especial inclusiva
Gaspar,CDI SONIA GIOCONDA BEDUSCHI BUZZI,Municipal,Pública,Urbana,RUA ANTONIO MOSER,110,,BELA VISTA,89110694,47,30912215,Oferece alimentação escolar,Não possui turmas EJA,Possui educação especial inclusiva
Gaspar,CDI NATALIA ANDRADE DOS SANTOS,Municipal,Pública,Urbana,RUA GERAL POCO GRANDE,5697,,LAGOA,89115450,47,30912213,Oferece alimentação escolar,Não possui turmas EJA,Não possui educação especial inclusiva
Gaspar,CDI IVAN CARLOS DEBORTOLI DUARTE,Municipal,Pública,Urbana,RUA LAURO SCHNEIDER,14,,SANTA TEREZINHA,89114270,47,30912210,Oferece alimentação escolar,Não possui turmas EJA,Possui educação especial inclusiva
Indaial,UEI SAO JUDAS TADEU,Municipal,Pública,Urbana,RUA EXPEDICIONARIO ANNIBALE BOGO,150,,ESTRADA DAS AREIAS,89087635,47,35138254,Oferece alimentação escolar,Não possui turmas EJA,Possui educação especial inclusiva
Indaial,CEI BOM PASTOR,Privada,Particular,Urbana,RUA DESEMBARGADOR ALVES PEDROSA,80,,CENTRO,89080081,47,33331066,Não oferece alimentação escolar,Não possui turmas EJA,Possui educação especial inclusiva
Indaial,UEI ERMINIO LANZNASTER,Municipal,Pública,Urbana,RUA TIMBO,158,,RIO MORTO,89082305,47,33331738,Oferece alimentação escolar,Não possui turmas EJA,Possui educação especial inclusiva
Indaial,EBM ARAPONGAS,Municipal,Pública,Urbana,RUA AUGUSTO MAASS,3300,,ARAPONGAS,89083730,47,33338683,Oferece alimentação escolar,Não possui turmas EJA,Possui educação especial inclusiva
Indaial,EBM ENCANO CENTRAL,Municipal,Pública,Rural,RUA REINHOLD SCHROEDER,8220,,ENCANO CENTRAL,89086375,47,30913638,Oferece alimentação escolar,Não possui turmas EJA,Possui educação especial inclusiva
Indaial,EEF ENCANO DO NORTE,Estadual,Pública,Urbana,BR 470 KM 65,4230,,ENCANO DO NORTE,89085475,47,33993049,Oferece alimentação escolar,Não possui turmas EJA,Possui educação especial inclusiva
Indaial,UEI CARIJOS,Municipal,Pública,Urbana,RUA 11 DE JUNHO,20,,CARIJOS,89084103,47,33947411,Oferece alimentação escolar,Não possui turmas EJA,Possui educação especial inclusiva
Indaial,EBM TANCREDO DE ALMEIDA NEVES,Municipal,Pública,Urbana,RUA MARIA CONCEICAO SAUT,80,,ESTADOS,89087006,47,33332104,Oferece alimentação escolar,Não possui turmas EJA,Possui educação especial inclusiva
Indaial,EEB FREDERICO HARDT,Estadual,Pública,Urbana,LEOBERTO LEAL,84,,TAPAJOS,89080166,47,33993052,Oferece alimentação escolar,Não possui turmas EJA,Possui educação especial inclusiva
Indaial,EEB GUSTAVO BARROSO,Estadual,Pública,Urbana,AV ARNOLDO EBERT,163,,WARNOW,89081300,47,33993069,Oferece alimentação escolar,Não possui turmas EJA,Possui educação especial inclusiva
Indaial,EEB PREF GERMANO BRANDES JR,Estadual,Pública,Urbana,RUA ARGENTINA,305,,DAS NACOES,89082151,47,33330540,Oferece alimentação escolar,Não possui turmas EJA,Possui educação especial inclusiva
Indaial,EEF PREF MARCUS RAUH,Estadual,Pública,Urbana,MARECHAL FLORIANO PEIXOTO,3355,,ESTRADA DAS AREIAS,89087578,47,33338564,Oferece alimentação escolar,Não possui turmas EJA,Possui educação especial inclusiva
Indaial,EEF PROF FLORENTINO VETTER,Estadual,Pública,Urbana,R PROGRESSO,76,,ENCANO,89086500,47,33945681,Oferece alimentação escolar,Não possui turmas EJA,Possui educação especial inclusiva
Indaial,EEB RAULINO HORN,Estadual,Pública,Urbana,R LAURO MULLER,244,,CENTRO,89080039,47,33330067,Oferece alimentação escolar,Não possui turmas EJA,Possui educação especial inclusiva
Indaial,UEI ENCANO DO NORTE ELSA SCHREIBER,Municipal,Pública,Urbana,RUA BERTOLINA MAY KECHELE,701,CASA,MULDE,89085050,47,33333593,Oferece alimentação escolar,Não possui turmas EJA,Possui educação especial inclusiva
Indaial,UEI BAIRRO TAPAJOS PROF AUREA BONATTI MERINI,Municipal,Pública,Urbana,RUA MIRACEMA DO NORTE,20,,TAPAJOS,89080196,47,33334477,Oferece alimentação escolar,Não possui turmas EJA,Possui educação especial inclusiva
Indaial,UEI PINGUINHO DE GENTE,Municipal,Pública,Urbana,RUA 30 DE ABRIL,108,,CARIJOS,89084373,47,33331653,Oferece alimentação escolar,Não possui turmas EJA,Possui educação especial inclusiva
Indaial,EBM PROFESSOR MARIO BONESSI,Municipal,Pública,Urbana,RUA UBERLANDIA,193,,BENEDITO,89084628,47,33332003,Oferece alimentação escolar,Não possui turmas EJA,Possui educação especial inclusiva
Indaial,COLEGIO MUNICIPAL DE INDAIAL,Municipal,Pública,Urbana,RUA 30 DE ABRIL,150,,CARIJOS,89084373,47,33334189,Oferece alimentação escolar,Não possui turmas EJA,Possui educação especial inclusiva
Indaial,EBM JUVENAL CARVALHO,Municipal,Pública,Urbana,RUA CURT VON GILSA,202,,SOL,89086134,47,33332202,Oferece alimentação escolar,Não possui turmas EJA,Possui educação especial inclusiva
Indaial,UEI DILMA TEREZINHA HARBS,Municipal,Pública,Urbana,RUA PORTO ALEGRE,180,,TAPAJOS,89080193,47,33331753,Oferece alimentação escolar,Não possui turmas EJA,Possui educação especial inclusiva
Indaial,UEI BAIRRO ENCANO BAIXO - MARTHA ELISABETH MANTAU,Municipal,Pública,Urbana,RUA ARNOLD ALFARTH,150,,ENCANO BAIXO,89086610,47,33304850,Oferece alimentação escolar,Não possui turmas EJA,Possui educação especial inclusiva
Indaial,UEI ENCANO DO NORTE,Municipal,Pública,Urbana,RUA TOLEDO,399,CASA,ENCANO DO NORTE,89085605,47,33400005,Oferece alimentação escolar,Não possui turmas EJA,Possui educação especial inclusiva
Indaial,UEI HILARIO BUZZARELLO,Municipal,Pública,Urbana,RUA MONTEVIDEU,345,PREDIO PROPRIO,TAPAJOS,89080353,47,33331806,Oferece alimentação escolar,Não possui turmas EJA,Possui educação especial inclusiva
Indaial,COLEGIO ADVENTISTA DE INDAIAL,Privada,Filantrópica,Urbana,RUA EXPEDICIONARIO HERCILIO GONCALVES,233,PREDIO,NACOES,89082012,47,32817200,Não oferece alimentação escolar,Não possui turmas EJA,Possui educação especial inclusiva
Indaial,ESCOLA BASICA MUNICIPAL LEOPOLDO SIMAO,Municipal,Pública,Urbana,AVENIDA BRASIL,2240,,RIO MORTO,89082410,47,35138363,Oferece alimentação escolar,Não possui turmas EJA,Possui educação especial inclusiva
Indaial,APAE DE INDAIAL,Privada,Filantrópica,Urbana,RUA RIO DE JANEIRO,443,RUA,SOL,89086000,47,33330032,Oferece alimentação escolar,Não informou se possui turmas EJA,Não informou se possui educação especial inclusiva
Indaial,EB PROFESSORA URSULA KROEGER,Municipal,Pública,Urbana,RUA SANTANA,600,,JOAO PAULO II,89083110,47,991381877,Oferece alimentação escolar,Não possui turmas EJA,Possui educação especial inclusiva
Indaial,EB MULDE BAIXA,Municipal,Pública,Urbana,RUA UBERABA,2707,,MULDE,89084780,47,33332102,Oferece alimentação escolar,Não possui turmas EJA,Possui educação especial inclusiva
Indaial,UD DE INDAIAL,Estadual,Pública,Urbana,RUA ITU,191,,BENEDITO,89084470,47,33993044,Oferece alimentação escolar,Possui turmas EJA,Não possui educação especial inclusiva
Indaial,EBM PROFESSORA ANNA ALVES DIAS,Municipal,Pública,Urbana,RUA TOLEDO,335,PREDIO,ENCANO DO NORTE,89085605,47,,Oferece alimentação escolar,Não possui turmas EJA,Possui educação especial inclusiva
Indaial,COLEGIO METROPOLITANO,Privada,Particular,Urbana,RUA CANADA,50,,NACOES,89082142,47,33334093,Não oferece alimentação escolar,Não possui turmas EJA,Possui educação especial inclusiva
Indaial,UEI ESPACO DE CRESCER,Municipal,Pública,Urbana,RUA MACEIO,41,,TAPAJOS,89080302,47,33945145,Oferece alimentação escolar,Não possui turmas EJA,Possui educação especial inclusiva
Indaial,UEI BRILHO DO SOL,Municipal,Pública,Urbana,RUA GUSTAVO GOLLNICK,147,,SOL,89086122,47,33949756,Oferece alimentação escolar,Não possui turmas EJA,Possui educação especial inclusiva
Indaial,EBM ENCANO BAIXO RUDOLFO ALFARTH,Municipal,Pública,Urbana,RUA ARNOLD ALFARTH,770,,ENCANO BAIXO,89086610,47,33308543,Oferece alimentação escolar,Não possui turmas EJA,Possui educação especial inclusiva
Indaial,EBM PROFESSORA ANA LUCIA HIENDLMAYER,Municipal,Pública,Urbana,RUA LUIGI PANINI,320,ESCOLA,ESTRADA DAS AREIAS,89087189,47,33333086,Oferece alimentação escolar,Não possui turmas EJA,Possui educação especial inclusiva
Indaial,UEI AUGUSTO MOSER,Municipal,Pública,Urbana,AVENIDA BRASIL,4285,,RIO MORTO,89082630,47,992728855,Oferece alimentação escolar,Não possui turmas EJA,Possui educação especial inclusiva
Indaial,EBM PROFESSORA MARIA DA GRACA DOS SANTOS SALAI,Municipal,Pública,Urbana,RUA PARAMARIBO,160,,TAPAJOS,89080374,47,33948214,Oferece alimentação escolar,Não possui turmas EJA,Possui educação especial inclusiva
Indaial,UEI ARAPONGAS,Municipal,Pública,Urbana,RUA AUGUSTO MAASS,565,,ARAPONGAS,89083715,47,35138307,Oferece alimentação escolar,Não possui turmas EJA,Possui educação especial inclusiva
Indaial,CENTRO DE EDUCACAO DE JOVENS E ADULTOS,Municipal,Pública,Urbana,AVENIDA PIONEIROS,235,,CENTRO,89080012,47,32315353,Oferece alimentação escolar,Possui turmas EJA,Possui educação especial inclusiva
Indaial,UEI RECRIAR - PROFESSOR LEOPOLDO NICOLODELLI,Municipal,Pública,Urbana,RUA DOUTOR BLUMENAU,3.999,,ENCANO BAIXO,89086260,47,33940334,Oferece alimentação escolar,Não possui turmas EJA,Possui educação especial inclusiva
Indaial,CE REENCANTAR LTDA,Privada,Particular,Urbana,BECO PORTO VELHO,60,,TAPAJOS,89080163,47,991454679,Oferece alimentação escolar,Não possui turmas EJA,Possui educação especial inclusiva
Indaial,UEI AQUARELA,Municipal,Pública,Urbana,RUA URUGUAIANA,100,PREDIO,ENCANO DO NORTE,89085124,47,33949621,Oferece alimentação escolar,Não possui turmas EJA,Possui educação especial inclusiva
Indaial,UEI POLAQUIA,Municipal,Pública,Rural,RUA ADOLFO MOLINARI,2825,,POLAQUIA,89087690,47,35138249,Oferece alimentação escolar,Não possui turmas EJA,Possui educação especial inclusiva
Indaial,UEI CURUMIM,Municipal,Pública,Urbana,RUA JUIZ DE FORA,212,,BENEDITO,89084632,47,991724060,Oferece alimentação escolar,Não possui turmas EJA,Possui educação especial inclusiva
Indaial,UEI CENTRO - PROFESSORA LORENI GRAZIELA BITTELBRUNN,Municipal,Pública,Urbana,RUA SAO FRANCISCO,121,,CENTRO,89080069,47,33947137,Oferece alimentação escolar,Não possui turmas EJA,Possui educação especial inclusiva
Indaial,EBM PROF MARIA HELENA TRENTINI MACHADO,Municipal,Pública,Urbana,RUA WERNER SCHLEI,50,,WARNOW,89080755,47,33331167,Oferece alimentação escolar,Não possui turmas EJA,Possui educação especial inclusiva
Indaial,EEB PROF ATTELA JENICHEN,Estadual,Pública,Urbana,RUA ITU,191,,BENEDITO,89084470,47,33993119,Oferece alimentação escolar,Não possui turmas EJA,Possui educação especial inclusiva
Indaial,MONTE VERDE CENTRO EDUCACIONAL LTDA,Privada,Particular,Urbana,RUA RIO DE JANEIRO,111,,SOL,89086000,47,33950678,Oferece alimentação escolar,Não possui turmas EJA,Não possui educação especial inclusiva
Indaial,INSTITUTO FILADELFIA,Privada,Particular,Urbana,RUA CANADA,50,,NACOES,89082142,47,999644878,Não oferece alimentação escolar,Não informou se possui turmas EJA,Não informou se possui educação especial inclusiva
Indaial,SESI SC - INDAIAL,Privada,Particular,Urbana,RUA PIONEIROS,235,,CENTRO,89080012,47,32315353,Não oferece alimentação escolar,Possui turmas EJA,Possui educação especial inclusiva
Indaial,CENTRO DE DESENVOLVIMENTO INFANTIL VALE DOS ALECRINS,Privada,Particular,Urbana,AVENIDA PIONEIROS,85,,CENTRO,89080012,47,33041383,Oferece alimentação escolar,Não possui turmas EJA,Possui educação especial inclusiva
Indaial,UEI PROFESSORA JAQUELINE APARECIDA TRAPASOLLI GUIMARAES,Municipal,Pública,Urbana,RUA CASTELO BRANCO,211,,CENTRO,89080051,47,997013974,Oferece alimentação escolar,Não possui turmas EJA,Possui educação especial inclusiva
Indaial,UNIDADE DE EDUCACAO INFANTIL BAIRRO WARNOW PROFESSOR ISAIAS JOSE NAZARI,Municipal,Pública,Urbana,RUA POLICIAL MILITAR JOSE RICARDO HERSING,234,,WARNOW,89080675,47,991821840,Oferece alimentação escolar,Não possui turmas EJA,Possui educação especial inclusiva
Indaial,UNIDADE DE EDUCACAO INFANTIL PROFESSORA FABRICIA DOS SANTOS ESKELSEN,Municipal,Pública,Urbana,RUA ATAIDE RUFINO,663,,BENEDITO,89085600,,,Oferece alimentação escolar,Não possui turmas EJA,Possui educação especial inclusiva
Indaial,UEI WARNOW ALFREDO STAHNKE,Municipal,Pública,Urbana,AVENIDA ARNOLDO EBERT,245,PREDIO ESCOLAR,WARNOW,89081300,47,989152859,Oferece alimentação escolar,Não possui turmas EJA,Possui educação especial inclusiva
Indaial,UEI VO ALFREDO,Municipal,Pública,Urbana,RUA SANTA LUZIA,1901,,ESTRADINHA,89083350,47,33332011,Oferece alimentação escolar,Não possui turmas EJA,Possui educação especial inclusiva
Indaial,UNIDADE DE EDUCACAO INFANTIL GATO DE BOTAS,Municipal,Pública,Urbana,RUA 12 DE MAIO,99,PREDIO ESCOLAR,CARIJOS,89084018,47,33942833,Oferece alimentação escolar,Não possui turmas EJA,Possui educação especial inclusiva
Indaial,SENAI SC - INDAIAL,Privada,Particular,Urbana,RUA VEREADOR ALVIN RAUH JUNIOR,378,,NACOES,89082065,47,32816400,Não oferece alimentação escolar,Não possui turmas EJA,Não possui educação especial inclusiva
Indaial,UEI BAIRRO DOS ESTADOS PROFESSORA TERESA LUIZA LUCINI TRIDAPALLI,Municipal,Pública,Urbana,RUA MARECHAL FLORIANO PEIXOTO,1590,,ESTADOS,89086787,47,33945812,Oferece alimentação escolar,Não possui turmas EJA,Não possui educação especial inclusiva
Indaial,UEI BAIRRO JOAO PAULO II JOSE LINO KUHNEN,Municipal,Pública,Urbana,RUA SANTA PAULINA,65,,JOAO PAULO II,89083180,47,35138381,Oferece alimentação escolar,Não possui turmas EJA,Possui educação especial inclusiva
Pomerode,CE NS DE FATIMA,Privada,Filantrópica,Urbana,AVENIDA 21 DE JANEIRO,1990,,CENTRO,89107000,47,33870830,Não oferece alimentação escolar,Não possui turmas EJA,Possui educação especial inclusiva
Pomerode,CEIM ROSA BORCK,Municipal,Pública,Urbana,RUA GUSTAVO ZASTROW,69,,TESTO REGA,89107000,47,33950924,Oferece alimentação escolar,Não possui turmas EJA,Possui educação especial inclusiva
Pomerode,EEB PRES PRUDENTE DE MORAIS,Estadual,Pública,Urbana,"RUA PROFESSOR TANCREDO TASCA,",257,,TESTO REGA,89107000,47,33788439,Oferece alimentação escolar,Não possui turmas EJA,Possui educação especial inclusiva
Pomerode,EM RAULINO HORN,Municipal,Pública,Rural,RUA PRESIDENTE COSTA E SILVA,9267,,ALTO DA SERRA,89107000,47,30575642,Oferece alimentação escolar,Não possui turmas EJA,Possui educação especial inclusiva
Pomerode,CMEI PROF REIMAR EHLERT,Municipal,Pública,Urbana,REGA II,1437,,TESTO REGA,89107000,47,33876985,Oferece alimentação escolar,Não possui turmas EJA,Possui educação especial inclusiva
Pomerode,EM DR WUNDERWALD,Municipal,Pública,Urbana,RUA DR. WUNDERWALD,3009,,WUNDERWALD,89107000,47,33872785,Oferece alimentação escolar,Não possui turmas EJA,Possui educação especial inclusiva
Pomerode,COLEGIO SINODAL DOUTOR BLUMENAU,Privada,Particular,Urbana,AVENIDA 21 DE JANEIRO,1700,,CENTRO,89107000,,,Não oferece alimentação escolar,Não possui turmas EJA,Possui educação especial inclusiva
Pomerode,EBM ALMIRANTE BARROSO,Municipal,Pública,Urbana,RUA MORRO STRASSMANN,1.140,,REGA,89107000,47,33876443,Oferece alimentação escolar,Não possui turmas EJA,Possui educação especial inclusiva
Pomerode,EBM DR AMADEU DA LUZ,Municipal,Pública,Urbana,RUA HILDA AUGUSTA GUILHERMINA VOLKMANN,400,,TESTO ALTO,89107000,47,33951732,Oferece alimentação escolar,Não possui turmas EJA,Possui educação especial inclusiva
Pomerode,EEB JOSE BONIFACIO,Estadual,Pública,Urbana,R FREDERICO WEEGE,146,,CENTRO,89107000,47,33788262,Oferece alimentação escolar,Não possui turmas EJA,Possui educação especial inclusiva
Pomerode,EBM OLAVO BILAC,Municipal,Pública,Urbana,RUA 15 DE NOVEMBRO,10405,,TESTO CENTRAL,89107000,47,33876167,Oferece alimentação escolar,Não possui turmas EJA,Possui educação especial inclusiva
Pomerode,EEBM DUQUE DE CAXIAS,Municipal,Pública,Urbana,RIBEIRAO AREIA,2050,,RIBEIRAO AREIA,89107000,47,33871353,Oferece alimentação escolar,Não possui turmas EJA,Possui educação especial inclusiva
Pomerode,EEBM PROF NOEMI VIEIRA DE C SCHROEDER,Municipal,Pública,Urbana,RUA DOS ATIRADORES,5427,,TESTO CENTRAL ALTO,89107000,47,33872643,Oferece alimentação escolar,Não possui turmas EJA,Possui educação especial inclusiva
Pomerode,CEIM PROF DOROTEA HOEFT BORCHARDT,Municipal,Pública,Urbana,RUA HEINRICH KAMCHEN,111,,CENTRO,89107000,47,33871463,Oferece alimentação escolar,Não possui turmas EJA,Possui educação especial inclusiva
Pomerode,EBM HERMANN GUENTHER,Municipal,Pública,Urbana,RUA HERMANN GUENTHER,700,,RIBEIRAO CLARA,89107000,47,33872091,Oferece alimentação escolar,Não possui turmas EJA,Possui educação especial inclusiva
Pomerode,CENTRO DE ATENDIMENTO EDUCACIONAL ESPECIALIZADO EGON KUHN,Privada,Filantrópica,Urbana,RUA ALBERTO SPREDEMANN,200,,RIBEIRAO AREIA,89107000,47,33870652,Oferece alimentação escolar,Não informou se possui turmas EJA,Não informou se possui educação especial inclusiva
Pomerode,EEBM PROF VIDAL FERREIRA,Municipal,Pública,Urbana,RUA LEOPOLDO BLAESE,170,,POMERODE FUNDOS,89107000,47,33872130,Oferece alimentação escolar,Não possui turmas EJA,Possui educação especial inclusiva
Pomerode,EEBM PROF CURT BRANDES,Municipal,Pública,Urbana,RUA HERMANN WEEGE,1222,,CENTRO,89107000,47,33874551,Oferece alimentação escolar,Não possui turmas EJA,Possui educação especial inclusiva
Pomerode,COOPERATIVA DE EDUCACAO DE PROFESSORES E ESPECIALISTAS,Privada,Particular,Urbana,RUA ARNO WEEGE,89,SALAS 07 E 08,CENTRO,89107970,47,33384002,Não oferece alimentação escolar,Possui turmas EJA,Possui educação especial inclusiva
Pomerode,EEM ERWIN CURT TEICHMANN,Estadual,Pública,Urbana,RODOVIA SC 418,10405,SEGUNDA LOMBADA,TESTO CENTRAL,89107000,47,33788391,Oferece alimentação escolar,Não possui turmas EJA,Possui educação especial inclusiva
Pomerode,CEIM RUTH KOCH,Municipal,Pública,Urbana,RUA 15 DE NOVEMBRO,1125,,CENTRO,89107000,47,33875497,Oferece alimentação escolar,Não possui turmas EJA,Possui educação especial inclusiva
Pomerode,CEIM PROF NORA KRUEGER DALLMANN,Municipal,Pública,Urbana,RUA VIDAL FERREIRA,2720,EM FRENTE DA IGREJA,POMERODE FUNDOS,89107000,47,33876442,Oferece alimentação escolar,Não possui turmas EJA,Possui educação especial inclusiva
Pomerode,CEIM PROF WALTRUT SIEWERDT,Municipal,Pública,Urbana,RUA GUSTAV KOCH,66,,TESTO CENTRAL,89107000,47,33874271,Oferece alimentação escolar,Não possui turmas EJA,Possui educação especial inclusiva
Pomerode,SENAI SC - POMERODE,Privada,Particular,Urbana,RUA HEINRICH PASSOLD,130,,CENTRO,89107000,47,33956000,Não oferece alimentação escolar,Não possui turmas EJA,Possui educação especial inclusiva
Pomerode,CEIM PROF DAMARIS FRAHM,Municipal,Pública,Urbana,TESTO ALTO,6575,,TESTO ALTO,89107000,47,33951587,Oferece alimentação escolar,Não possui turmas EJA,Possui educação especial inclusiva
Pomerode,CEIM PROF AMALIA GERTRUDES DA SILVA ANDERS,Municipal,Pública,Urbana,RUA RIBEIRAO HERDT,679,,RIBEIRAO HERDT,89107000,47,33872548,Oferece alimentação escolar,Não possui turmas EJA,Possui educação especial inclusiva
Pomerode,UD DE POMERODE,Estadual,Pública,Urbana,R. PROF.TANCREDO TASCA,257,,TESTO REGA,89107000,47,33950172,Oferece alimentação escolar,Possui turmas EJA,Possui educação especial inclusiva
Pomerode,CEIM PROF RUDOLF HORNBURG,Municipal,Pública,Urbana,RUA RICARDO BAHR,100,,CENTRO,89107000,47,33870278,Oferece alimentação escolar,Não possui turmas EJA,Possui educação especial inclusiva
Pomerode,CEI LUGAR DE ANJOS,Privada,Particular,Urbana,AVENIDA 21 DE JANEIRO,630,,CENTRO,89107000,47,33066834,Não oferece alimentação escolar,Não possui turmas EJA,Possui educação especial inclusiva
Pomerode,CEIM CRISTA SIEWERT,Municipal,Pública,Urbana,RUA 15 DE NOVEMBRO,10.285,,TESTO CENTRAL,89107000,47,33804406,Oferece alimentação escolar,Não possui turmas EJA,Possui educação especial inclusiva
Timbó,UNIDADE PRE ESCOLAR CHAPEUZINHO VERMELHO,Municipal,Pública,Urbana,RUA POMERANOS,1900,,POMERANOS,89120000,47,33807790,Oferece alimentação escolar,Não possui turmas EJA,Possui educação especial inclusiva
Timbó,UNIDADE PRE ESCOLAR ALECRIM,Municipal,Pública,Urbana,RUA MARILIA,31,,TIROLESES,89120000,47,33807780,Oferece alimentação escolar,Não possui turmas EJA,Possui educação especial inclusiva
Timbó,UNIDADE PRE ESCOLAR AMOR PERFEITO,Municipal,Pública,Urbana,RUA ITAPEMA,497,,QUINTINO,89120000,47,33807788,Oferece alimentação escolar,Não possui turmas EJA,Possui educação especial inclusiva
Timbó,NUCLEO DE EDUCACAO INFANTIL BEIJA-FLOR,Municipal,Pública,Urbana,RUA BELEM,35,,CENTRO,89120000,47,33807825,Oferece alimentação escolar,Não possui turmas EJA,Possui educação especial inclusiva
Timbó,UNIDADE PRE ESCOLAR CINDERELA,Municipal,Pública,Urbana,RUA BRUNO KLUG,17,,IMIGRANTES,89120000,47,33807795,Oferece alimentação escolar,Não possui turmas EJA,Possui educação especial inclusiva
Timbó,UNIDADE PRE ESCOLAR GIRASSOL,Municipal,Pública,Urbana,RUA RICHARD SCHUBERT,345,UNIDADE PRE-ESCOLAR,VILA GERMER,89120000,47,33807800,Oferece alimentação escolar,Não possui turmas EJA,Possui educação especial inclusiva
Timbó,UNIDADE PRE ESCOLAR JASMIM,Municipal,Pública,Urbana,RUA LUIS ADAM,181,,DAS CAPITAIS,89120000,47,33807808,Oferece alimentação escolar,Não possui turmas EJA,Possui educação especial inclusiva
Timbó,UNIDADE PRE ESCOLAR PEQUENO PRINCIPE,Municipal,Pública,Urbana,RUA TUPINIQUIM,35,,ARAPONGUINHAS,89120000,47,33807755,Oferece alimentação escolar,Não possui turmas EJA,Possui educação especial inclusiva
Timbó,UNIDADE PRE ESCOLAR PRIMAVERA,Municipal,Pública,Urbana,RUA ESCOCIA,292,UNIDADE PRE ESCOLAR,DAS NACOES,89120000,47,33807810,Oferece alimentação escolar,Não possui turmas EJA,Possui educação especial inclusiva
Timbó,UNIDADE PRE ESCOLAR VIOLETA,Municipal,Pública,Urbana,RUA MAL FLORIANO PEIXOTO,2137,,PADRE MARTINHO STEIN,89120000,47,33826216,Oferece alimentação escolar,Não possui turmas EJA,Possui educação especial inclusiva
Timbó,UNIDADE PRE ESCOLAR PINGUINHO DE GENTE,Municipal,Pública,Urbana,RUA HELMUTH NAU,77,,DOS ESTADOS,89120000,47,33807838,Oferece alimentação escolar,Não possui turmas EJA,Possui educação especial inclusiva
Timbó,EEF CLARA DONNER,Estadual,Pública,Urbana,R DONA CLARA,138,CASA,DONA CLARA,89120000,47,33945845,Oferece alimentação escolar,Não possui turmas EJA,Possui educação especial inclusiva
Timbó,EEB PROF JULIO SCHEIDEMANTEL,Estadual,Pública,Urbana,RUA ITAPEMA,452,,QUINTINO,89120000,47,33820612,Oferece alimentação escolar,Não possui turmas EJA,Possui educação especial inclusiva
Timbó,ESCOLA MUNICIPAL ERWIN PRADE,Municipal,Pública,Urbana,RUA FREDERICO SCHUMANN,209,,POMERANOS,89120000,47,33807733,Oferece alimentação escolar,Não possui turmas EJA,Possui educação especial inclusiva
Timbó,ESCOLA MUNICIPAL POLIDORO SANTIAGO,Municipal,Pública,Urbana,RUA BENJAMIN CONSTANT,164,ESCOLA MUNICIPAL,IMIGRANTES,89120000,47,33807878,Oferece alimentação escolar,Não possui turmas EJA,Possui educação especial inclusiva
Timbó,EEB PROF JUVENAL CARDOSO ZANELLA,Estadual,Pública,Urbana,RUA FLORIANOPOLIS,194,,DAS CAPITAIS,89120000,47,33822103,Oferece alimentação escolar,Não possui turmas EJA,Possui educação especial inclusiva
Timbó,EEF PROF EMIR ROPELATO,Estadual,Pública,Urbana,RUA INGLATERRA,670,,DAS NACOES,89120000,47,33823688,Oferece alimentação escolar,Não possui turmas EJA,Possui educação especial inclusiva
Timbó,ESCOLA MUNICIPAL PADRE MARTINHO STEIN,Municipal,Pública,Urbana,RUA RODOLFO PISKE,310,,PADRE MARTINHO STEIN,89120000,47,33807747,Oferece alimentação escolar,Não possui turmas EJA,Possui educação especial inclusiva
Timbó,ESCOLA MUNICIPAL PROFESSOR NESTOR MARGARIDA,Municipal,Pública,Urbana,RUA TUPINIQUIM,35,,ARAPONGUINHAS,89120000,47,33807755,Oferece alimentação escolar,Não possui turmas EJA,Possui educação especial inclusiva
Timbó,ESCOLA MUNICIPAL MAURICIO GERMER,Municipal,Pública,Urbana,RUA SAUDADES,555,,VILA GERMER,89120000,47,33821632,Oferece alimentação escolar,Não possui turmas EJA,Possui educação especial inclusiva
Timbó,ESCOLA MUNICIPAL SAO ROQUE,Municipal,Pública,Rural,SC 416 RODOVIA RALF KNAESEL,5949,,SAO ROQUE,89120000,47,33807770,Oferece alimentação escolar,Não possui turmas EJA,Possui educação especial inclusiva
Timbó,ESCOLA MUNICIPAL TIROLESES,Municipal,Pública,Urbana,RUA MARILIA,61,,TIROLESES,89120000,47,,Oferece alimentação escolar,Não possui turmas EJA,Possui educação especial inclusiva
Timbó,EEB RUY BARBOSA,Estadual,Pública,Urbana,R RECIFE,293,,CENTRO,89120000,47,33993063,Oferece alimentação escolar,Não possui turmas EJA,Possui educação especial inclusiva
Timbó,EEF HUGO ROEPKE,Estadual,Pública,Urbana,RUA AMAZONAS,179,,DOS ESTADOS,89120000,47,33993060,Oferece alimentação escolar,Não possui turmas EJA,Possui educação especial inclusiva
Timbó,CEJA DE TIMBO,Estadual,Pública,Urbana,RECIFE,293,FUNDOS EEB RUY BARBO,CENTRO,89120000,47,33993044,Oferece alimentação escolar,Possui turmas EJA,Possui educação especial inclusiva
Timbó,CENTRO DE EDUCACAO CANTINHO FELIZ LTDA,Privada,Particular,Urbana,RUA PETUNIA,210,,PADRE MARTINHO STEIN,89120000,47,33824155,Não oferece alimentação escolar,Não possui turmas EJA,Possui educação especial inclusiva
Timbó,NUCLEO DE EDUCACAO INFANTIL SONHO DA CRIANCA,Municipal,Pública,Urbana,RUA ITAPEMA,310,PREDIO,QUINTINO,89120000,47,33807860,Oferece alimentação escolar,Não possui turmas EJA,Possui educação especial inclusiva
Timbó,NUCLEO DE EDUCACAO INFANTIL LAR DA CRIANCA,Municipal,Pública,Urbana,RUA OTTO WOLTER,184,CASA,VILA GERMER,89120000,47,33807831,Oferece alimentação escolar,Não possui turmas EJA,Possui educação especial inclusiva
Timbó,NUCLEO DE EDUCACAO INFANTIL RAIO DE SOL,Municipal,Pública,Urbana,RUA BELO HORIZONTE,211,,DAS CAPITAIS,89120000,47,33807855,Oferece alimentação escolar,Não possui turmas EJA,Possui educação especial inclusiva
Timbó,NUCLEO DE EDUCACAO INFANTIL LUAR ENCANTADO,Municipal,Pública,Urbana,RUA HELMUTH NAU,77,,DOS ESTADOS,89120000,47,33807838,Oferece alimentação escolar,Não possui turmas EJA,Possui educação especial inclusiva
Timbó,NUCLEO DE EDUCACAO INFANTIL PARAISO DA CRIANCA,Municipal,Pública,Urbana,RUA ALEMANHA,744,,NACOES,89120000,47,33807845,Oferece alimentação escolar,Não possui turmas EJA,Possui educação especial inclusiva
Timbó,UNIDADE PRE ESCOLAR HORTENSIA,Municipal,Pública,Urbana,RUA DONA CLARA,100,PREDIO,DONA CLARA,89120000,47,33807870,Oferece alimentação escolar,Não possui turmas EJA,Possui educação especial inclusiva
Timbó,ESCOLA ESPECIAL INTEGRADA- CAESP DE TIMBO,Privada,Filantrópica,Urbana,RUA CAPANEMA,140,PREDIO,CAPITAIS,89120000,47,33820535,Oferece alimentação escolar,Não informou se possui turmas EJA,Não informou se possui educação especial inclusiva
Timbó,NUCLEO DE EDUCACAO INFANTIL PRIMEIROS PASSOS,Municipal,Pública,Urbana,RUA BENJAMIN CONSTANT,1574,,POMERANOS,89120000,47,33807850,Oferece alimentação escolar,Não possui turmas EJA,Possui educação especial inclusiva
Timbó,UNIDADE PRE ESCOLAR COMECINHO DE VIDA,Municipal,Pública,Rural,SC 416 RODOVIA RALF KNAESEL,5949,,SAO ROQUE,89120000,47,33807770,Oferece alimentação escolar,Não possui turmas EJA,Possui educação especial inclusiva
Timbó,INSTITUTO EDUCACIONAL FILEO,Privada,Particular,Urbana,RUA AUSTRIA,S/N,FINAL DA R. MONACO,NACOES,89120000,47,33823988,Oferece alimentação escolar,Não possui turmas EJA,Possui educação especial inclusiva
Timbó,SENAI SC - TIMBO,Privada,Particular,Urbana,RUA DUQUE DE CAXIAS,830,ANDAR 2,CENTRO,89120000,47,32816453,Não oferece alimentação escolar,Não possui turmas EJA,Possui educação especial inclusiva
Timbó,NUCLEO DE EDUCACAO INFANTIL VIDA DE CRIANCA,Municipal,Pública,Urbana,RUA BAHIA,414,,PADRE MARTINHO STEIN,89120000,47,33807865,Oferece alimentação escolar,Não possui turmas EJA,Possui educação especial inclusiva
Timbó,NUCLEO DE EDUCACAO INFANTIL MUNDO MAGICO,Municipal,Pública,Urbana,RUA CARAMURU,131,,ARAPONGUINHAS,89120000,47,33807840,Oferece alimentação escolar,Não possui turmas EJA,Possui educação especial inclusiva
Timbó,NUCLEO DE EDUCACAO INFANTIL ARCO IRIS,Municipal,Pública,Urbana,RUA TIROLESES,4.136,,TIROLESES,89120000,47,33807820,Oferece alimentação escolar,Não possui turmas EJA,Possui educação especial inclusiva
Timbó,CENTRO DE EDUCACAO PROFISSIONAL -CEDUP DE TIMBO,Estadual,Pública,Urbana,RUA SAO BENTO,277,QUINTINO,QUINTINO,89120000,47,33993026,Oferece alimentação escolar,Não possui turmas EJA,Possui educação especial inclusiva
Timbó,NUCLEO DE EDUCACAO INFANTIL PROF MARIA LUIZA BELL,Municipal,Pública,Urbana,RUA DONA CLARA,100,PREDIO,DONA CLARA,89120000,47,33807870,Oferece alimentação escolar,Não possui turmas EJA,Não possui educação especial inclusiva
Timbó,SESI SC - TIMBO,Privada,Particular,Urbana,RUA DUQUE DE CAXIAS,830,PREDIO,CENTRO,89120000,47,32816453,Não oferece alimentação escolar,Possui turmas EJA,Possui educação especial inclusiva
Timbó,CENTRO EDUCACIONAL TIMBO EIRELI,Privada,Particular,Urbana,AVENIDA GETULIO VARGAS,222,,CENTRO,89120000,47,33823912,Não oferece alimentação escolar,Não possui turmas EJA,Possui educação especial inclusiva
Timbó,CENTRO DESENVOLVIMENTO INFANTIL MONTE VERDE UNIDADE TIMBO,Privada,Particular,Urbana,RUA MARECHAL FLORIANO PEIXOTO,435,,CENTRO,89120000,47,33061141,Oferece alimentação escolar,Não possui turmas EJA,Possui educação especial inclusiva
Timbó,S S INSTITUTO,Privada,Particular,Urbana,LOCALIDADE,,,,89120000,47,999724434,Não oferece alimentação escolar,Não possui turmas EJA,Não possui educação especial inclusiva
Timbó,CENTRO DE EDUCACAO INFANTIL AQUARELA KIDS LTDA,Privada,Particular,Urbana,RUA BENJAMIN CONSTANT,1602,,POMERANOS,89120000,47,33821372,Oferece alimentação escolar,Não possui turmas EJA,Possui educação especial inclusiva